{
    "train": {
        "loss": [
            1.990161312950982,
            1.874609706748245,
            1.834380826379499,
            1.817849007427183,
            1.7873917777314146,
            1.7668212906927125,
            1.7495289297185392,
            1.7432019241854675,
            1.727942198769659,
            1.7085930903752644,
            1.7141312238497612,
            1.6927120115003016,
            1.6759631796779795,
            1.6597660881841285,
            1.643333128374866,
            1.6263367243302174,
            1.602554018680866,
            1.570587931535183,
            1.5615611759006467,
            1.5297960032764664,
            1.5188343881541848,
            1.4662986677936,
            1.426240757999257,
            1.3894841406080458,
            1.3574337755512988,
            1.3075067467159696,
            1.2807061346168191,
            1.2462446557150946,
            1.1442439647821279,
            1.1022557504156716
        ],
        "accuracy": [
            0.2864247262477875,
            0.3380376398563385,
            0.36693549156188965,
            0.37567204236984253,
            0.39018818736076355,
            0.40873655676841736,
            0.4071236550807953,
            0.4217742085456848,
            0.4334677457809448,
            0.45013442635536194,
            0.4423387050628662,
            0.45282259583473206,
            0.4754032492637634,
            0.4862903356552124,
            0.4974462389945984,
            0.511962354183197,
            0.5317204594612122,
            0.5529569983482361,
            0.5575268864631653,
            0.5911290645599365,
            0.591801106929779,
            0.6365591287612915,
            0.6663978695869446,
            0.6840053796768188,
            0.703763484954834,
            0.7422043085098267,
            0.7526881694793701,
            0.7741935849189758,
            0.8454301357269287,
            0.875268816947937
        ]
    },
    "validation": {
        "loss": [
            1.8509360735233014,
            1.7965933237320337,
            1.8210335633693597,
            1.8178896537193885,
            1.7392277778723302,
            1.7584106830450206,
            1.7617660455214672,
            1.733753433594337,
            1.7040165601632533,
            1.714278227243668,
            1.7285003111912653,
            1.6741470923790565,
            1.6692614005162165,
            1.7122350075306036,
            1.6621682185393114,
            1.6631783950023162,
            1.6454918109453642,
            1.735238561263451,
            1.6548705162146153,
            1.6618798207014034,
            1.6802973227623181,
            1.6704585674481514,
            1.7410732354873266,
            1.7439392499434643,
            1.707199310645079,
            1.744205817198142,
            1.756534680342063,
            1.7836848344558325,
            1.734208895609929,
            1.727302147791936
        ],
        "accuracy": [
            0.3471774160861969,
            0.3907257914543152,
            0.3681451678276062,
            0.3657258152961731,
            0.41209676861763,
            0.40887096524238586,
            0.40846773982048035,
            0.4193548262119293,
            0.43629032373428345,
            0.43427419662475586,
            0.42217740416526794,
            0.4612903296947479,
            0.45685482025146484,
            0.44072580337524414,
            0.4717741906642914,
            0.4725806415081024,
            0.49637097120285034,
            0.44999998807907104,
            0.4762096703052521,
            0.47580644488334656,
            0.46854838728904724,
            0.47379031777381897,
            0.4326612949371338,
            0.45887094736099243,
            0.47580644488334656,
            0.46209678053855896,
            0.46895161271095276,
            0.4532257914543152,
            0.4818548262119293,
            0.48709675669670105
        ]
    },
    "hyperparams": {
        "learning_rate": 0.0005,
        "weight_decay": 0.001,
        "patience": 10
    }
}