{
    "train": {
        "loss": [
            1.9925837751127715,
            1.8790933983957665,
            1.8615135239739704,
            1.8224600258036556,
            1.7887244570968497,
            1.7647409347387462,
            1.759850992096795,
            1.7429726133998642,
            1.7029363171667116,
            1.6951333702120006,
            1.6760976559076555,
            1.6717698940863976,
            1.6337761654813066,
            1.6222253375583224,
            1.5912677202469263,
            1.571694283403902,
            1.5375866635232909,
            1.5157146667822814,
            1.4790234015538142,
            1.4509737695384228,
            1.4063194460339017,
            1.3753166280241094,
            1.3358431473756447,
            1.3058201033844907,
            1.2577928559392946,
            1.2378003617637179,
            1.1956886786680956,
            1.1684716073875754,
            1.1490051797312548,
            1.1148993113102057
        ],
        "accuracy": [
            0.2849462330341339,
            0.34341397881507874,
            0.3548387289047241,
            0.37594085931777954,
            0.39032259583473206,
            0.4069892466068268,
            0.40672042965888977,
            0.42715054750442505,
            0.45013442635536194,
            0.45483872294425964,
            0.46196237206459045,
            0.4654569923877716,
            0.4903225898742676,
            0.5037634372711182,
            0.5215054154396057,
            0.5551075339317322,
            0.5790322422981262,
            0.5926075577735901,
            0.6185483932495117,
            0.636424720287323,
            0.6754032373428345,
            0.6899193525314331,
            0.7186828255653381,
            0.738575279712677,
            0.7689516544342041,
            0.7819892764091492,
            0.8094086050987244,
            0.8291667103767395,
            0.8420699238777161,
            0.862500011920929
        ]
    },
    "validation": {
        "loss": [
            1.8516858113117707,
            1.8041458221582265,
            1.806318931090526,
            1.7870813271938226,
            1.746191911208324,
            1.7157668486619606,
            1.7237558273168712,
            1.7196658635750794,
            1.6830058036706386,
            1.6744622328342535,
            1.6953573349194648,
            1.6839823936804748,
            1.6800063451131184,
            1.6626235796855047,
            1.6764944058198195,
            1.6705722014109294,
            1.6916183538925953,
            1.664428860713274,
            1.667772317544008,
            1.7497392831704555,
            1.6868559977947137,
            1.719046528522785,
            1.7932097942401202,
            1.7476824277486556,
            1.7732547980088453,
            1.7704785573176849,
            1.7996030098352678,
            1.8210990948554797,
            1.818834934479151,
            1.8243027925491333
        ],
        "accuracy": [
            0.3745967745780945,
            0.38266128301620483,
            0.3705645203590393,
            0.39032256603240967,
            0.4068548381328583,
            0.4350806474685669,
            0.41048386693000793,
            0.4209677278995514,
            0.47298386693000793,
            0.44596773386001587,
            0.4443548321723938,
            0.4443548321723938,
            0.4512096643447876,
            0.4633064568042755,
            0.47137096524238586,
            0.4927419424057007,
            0.46451613306999207,
            0.485483855009079,
            0.48467740416526794,
            0.4399193525314331,
            0.5028225779533386,
            0.47298386693000793,
            0.44556450843811035,
            0.47056451439857483,
            0.4576612710952759,
            0.4725806415081024,
            0.47379031777381897,
            0.4721774160861969,
            0.4677419364452362,
            0.47822579741477966
        ]
    },
    "hyperparams": {
        "learning_rate": 0.0005,
        "weight_decay": 1e-05,
        "patience": 100
    }
}