{
    "train": {
        "loss": [
            1.963740176624722
        ],
        "accuracy": [
            0.27916666865348816
        ]
    },
    "validation": {
        "loss": [
            2.1398386496763964
        ],
        "accuracy": [
            0.2891128957271576
        ]
    },
    "hyperparams": {
        "learning_rate": 0.001,
        "weight_decay": 0,
        "patience": 5,
        "momentum_bn2": 0.2,
        "filename": null,
        "labelsmooth": 0.15
    }
}