{
    "train": {
        "loss": [
            1.9818883237675724,
            1.8874186898908045,
            1.839643571111891,
            1.8021904617293267,
            1.7843618932952228,
            1.7756426558535323,
            1.7599670734160986,
            1.7479491376469278,
            1.7327641686822615,
            1.7200120167854505,
            1.7163289255566068,
            1.7090197730268168,
            1.6993879018685756,
            1.6923227350935977,
            1.6814753020930493,
            1.6700334110830584,
            1.653397994163709,
            1.657153217201559,
            1.6508809715254693,
            1.6428034713125637,
            1.6348204653487246,
            1.632802057470012,
            1.6163299888627143,
            1.6119875041847556,
            1.594285105028723,
            1.585145744503054,
            1.5830115293845153,
            1.575101553884327,
            1.5581601460774739,
            1.5489154799371703,
            1.542553826275035,
            1.5304441350138085,
            1.5221813010354328,
            1.5019116819414318,
            1.49635299658164,
            1.4896861569494264,
            1.4677188111166668,
            1.451154378744272,
            1.438231282764011,
            1.425099625546708,
            1.4197931636093009,
            1.399406097893022,
            1.3793685283416357,
            1.3762119081285265,
            1.34864004351135,
            1.339339201266949,
            1.321093068163619,
            1.315357904148917,
            1.293583042601235,
            1.282617549610953,
            1.2634638914695153,
            1.242452627573258,
            1.245914579456688,
            1.232633770021618,
            1.1994559612029638,
            1.1655752230913212,
            1.1784806618323693,
            1.1478233215136406
        ],
        "accuracy": [
            0.2981182932853699,
            0.34180107712745667,
            0.36048388481140137,
            0.38870969414711,
            0.39973118901252747,
            0.40604838728904724,
            0.41586023569107056,
            0.42056453227996826,
            0.42446237802505493,
            0.43870967626571655,
            0.44314515590667725,
            0.4474462568759918,
            0.4540322721004486,
            0.45241937041282654,
            0.4672043025493622,
            0.4720430076122284,
            0.4866935610771179,
            0.4817204475402832,
            0.49166667461395264,
            0.48951613903045654,
            0.4931451678276062,
            0.5081989169120789,
            0.5087365508079529,
            0.5182795524597168,
            0.5233871340751648,
            0.5327957272529602,
            0.5376344323158264,
            0.5494623780250549,
            0.5579301118850708,
            0.5680107474327087,
            0.5711021423339844,
            0.5760752558708191,
            0.589650571346283,
            0.5994623899459839,
            0.603225827217102,
            0.613575279712677,
            0.6270161271095276,
            0.6412634253501892,
            0.6404569745063782,
            0.6623656153678894,
            0.6606183052062988,
            0.6733871102333069,
            0.6963709592819214,
            0.6975806355476379,
            0.7081989645957947,
            0.7267473340034485,
            0.7286290526390076,
            0.7376344203948975,
            0.7553763389587402,
            0.760887086391449,
            0.7751344442367554,
            0.790188193321228,
            0.7887097001075745,
            0.7971774339675903,
            0.8193548321723938,
            0.8474462628364563,
            0.8377688527107239,
            0.8514785170555115
        ]
    },
    "validation": {
        "loss": [
            1.8863406700965686,
            1.8540227932807727,
            1.8134002685546875,
            1.7833852615111914,
            1.7597764088557317,
            1.8101976498579369,
            1.7365074157714844,
            1.7141300562100532,
            1.6882562392797225,
            1.693721367762639,
            1.6781056783138177,
            1.67105359908862,
            1.69379269465422,
            1.6570125971084986,
            1.6829804579416912,
            1.652396926513085,
            1.6462883490782518,
            1.6546891316389427,
            1.633914311726888,
            1.6301814378836217,
            1.6469889145631056,
            1.6356629102658002,
            1.6091309785842896,
            1.614039537234184,
            1.608399076339526,
            1.591452962312943,
            1.5753977451568995,
            1.583694115663186,
            1.584002904402904,
            1.556992457463191,
            1.588619045722179,
            1.5563581142670069,
            1.5470545291900635,
            1.5322684599803045,
            1.5346217980751624,
            1.537529101738563,
            1.5286108316519322,
            1.5252777490860376,
            1.53219124292716,
            1.5130453048608241,
            1.5134726915604029,
            1.5122645848836653,
            1.5436500310897827,
            1.4891975415058625,
            1.466971210944347,
            1.5090423333339202,
            1.5001996327669194,
            1.4745779037475586,
            1.5083191333672938,
            1.475576373247,
            1.4887350461421869,
            1.4959368736315997,
            1.5492478761917505,
            1.4650323666059053,
            1.4509384784943018,
            1.4859386254579594,
            1.44454698684888,
            1.451086102387844
        ],
        "accuracy": [
            0.3540322482585907,
            0.38064515590667725,
            0.37620967626571655,
            0.39677417278289795,
            0.4165322482585907,
            0.38024193048477173,
            0.42016127705574036,
            0.42983871698379517,
            0.4350806474685669,
            0.45685482025146484,
            0.4633064568042755,
            0.46290323138237,
            0.44919353723526,
            0.4725806415081024,
            0.47056451439857483,
            0.48749998211860657,
            0.48266127705574036,
            0.45927417278289795,
            0.4995967745780945,
            0.48911288380622864,
            0.4749999940395355,
            0.49879032373428345,
            0.5161290168762207,
            0.5104838609695435,
            0.522580623626709,
            0.5141128897666931,
            0.53508061170578,
            0.5411290526390076,
            0.5483871102333069,
            0.5588709712028503,
            0.5274193286895752,
            0.5568548440933228,
            0.5471774339675903,
            0.57419353723526,
            0.5806451439857483,
            0.5600806474685669,
            0.5762096643447876,
            0.5802419185638428,
            0.5798386931419373,
            0.58588707447052,
            0.57419353723526,
            0.5790322422981262,
            0.5645161271095276,
            0.6201612949371338,
            0.6205645203590393,
            0.595967710018158,
            0.6064516305923462,
            0.6274193525314331,
            0.6044355034828186,
            0.6193548440933228,
            0.6201612949371338,
            0.6028225421905518,
            0.5874999761581421,
            0.6330645084381104,
            0.6479838490486145,
            0.6290322542190552,
            0.6576612591743469,
            0.6459677219390869
        ]
    },
    "hyperparams": {
        "learning_rate": 0.001,
        "weight_decay": 0,
        "patience": 10
    }
}