{
    "train": {
        "loss": [
            1.9821786095953395,
            1.8893294864230685,
            1.8539721731446748,
            1.8160207190065303,
            1.7908447593705268,
            1.7792060181625888,
            1.7543994514351218,
            1.7335937400149484,
            1.7253283170553355,
            1.7041616776050665,
            1.6878942546681461,
            1.6676856972213485,
            1.6464549720796764,
            1.6229832620702238,
            1.6164284608302972,
            1.584786802275568,
            1.5512877845356607,
            1.548958482905331,
            1.5138849926809979,
            1.46518319998032,
            1.3882265793971527,
            1.3526631563137739,
            1.3421999582877526,
            1.315298096746461,
            1.3164599196523683,
            1.2983177441817064,
            1.2858734568978987,
            1.283586404262445,
            1.2764411655246701,
            1.2790442053069415,
            1.27345497893472,
            1.2606161486389291,
            1.2770541213516495
        ],
        "accuracy": [
            0.2845430076122284,
            0.3337365686893463,
            0.3545699119567871,
            0.3801075220108032,
            0.3938172161579132,
            0.3936828076839447,
            0.411559134721756,
            0.4212365746498108,
            0.43212366104125977,
            0.4443548619747162,
            0.46370968222618103,
            0.47123655676841736,
            0.4912634491920471,
            0.5110214948654175,
            0.5115591287612915,
            0.539650559425354,
            0.5680107474327087,
            0.5579301118850708,
            0.590457022190094,
            0.6270161271095276,
            0.6799731254577637,
            0.7080645561218262,
            0.7150537967681885,
            0.727150559425354,
            0.7301075458526611,
            0.7435483932495117,
            0.7594085931777954,
            0.7600806355476379,
            0.7557795643806458,
            0.7573924660682678,
            0.7607526779174805,
            0.7700269222259521,
            0.7571236491203308
        ]
    },
    "validation": {
        "loss": [
            1.8749788357661321,
            1.8394605838335478,
            1.820602325292734,
            1.7782609737836397,
            1.7344296834407709,
            1.7515907746094923,
            1.7289622043951964,
            1.703810086617103,
            1.724311085847708,
            1.6942794292401044,
            1.687302788098653,
            1.7084735723642201,
            1.6819110711415608,
            1.6693841035549457,
            1.6847964647488716,
            1.6771873480234392,
            1.6904406486413417,
            1.6797407131928663,
            1.699475584886013,
            1.689653259057265,
            1.6583512960336146,
            1.659998309917939,
            1.6717690198849409,
            1.6675650278727214,
            1.6826742398433197,
            1.683018384835659,
            1.695749343969883,
            1.6965902462983742,
            1.6869631547194262,
            1.693990361996186,
            1.691346064592019,
            1.7007286518048017,
            1.6841623080082428
        ],
        "accuracy": [
            0.3580645024776459,
            0.3520161211490631,
            0.37338709831237793,
            0.38266128301620483,
            0.4096774160861969,
            0.42379030585289,
            0.42943549156188965,
            0.4350806474685669,
            0.42459675669670105,
            0.4415322542190552,
            0.44596773386001587,
            0.43588709831237793,
            0.4576612710952759,
            0.4721774160861969,
            0.4560483694076538,
            0.46451613306999207,
            0.45967739820480347,
            0.45685482025146484,
            0.45241934061050415,
            0.4790322482585907,
            0.485483855009079,
            0.4959677457809448,
            0.4887096583843231,
            0.4951612949371338,
            0.49395161867141724,
            0.4955645203590393,
            0.49435484409332275,
            0.49395161867141724,
            0.4995967745780945,
            0.4911290109157562,
            0.49233871698379517,
            0.49193546175956726,
            0.4951612949371338
        ]
    },
    "hyperparams": {
        "learning_rate": 0.00075,
        "weight_decay": 0,
        "patience": 5
    }
}