{
    "train": {
        "loss": [
            1.9868735716893122,
            1.887520265375447,
            1.8614996386389446,
            1.8301133233257847,
            1.8171477827251468,
            1.7941636356533084,
            1.7926707114928808,
            1.7798673862066023,
            1.7772329434370384,
            1.7679935459397798
        ],
        "accuracy": [
            0.29287636280059814,
            0.34583333134651184,
            0.36505377292633057,
            0.37190860509872437,
            0.3818548321723938,
            0.3935483992099762,
            0.39973118901252747,
            0.4030914008617401,
            0.4048387110233307,
            0.4114247262477875
        ]
    },
    "validation": {
        "loss": [
            1.993677047582773,
            1.9128451836414826,
            1.8751159875820844,
            1.8154222139945397,
            1.950645318398109,
            1.82153219748766,
            1.8136249444423578,
            1.8899146899198875,
            1.7549898257622352,
            1.7732415963441899
        ],
        "accuracy": [
            0.3080645203590393,
            0.32096773386001587,
            0.3447580635547638,
            0.3729838728904724,
            0.3266128897666931,
            0.3774193525314331,
            0.39959678053855896,
            0.34959676861763,
            0.42379030585289,
            0.4145161211490631
        ]
    },
    "hyperparams": {
        "learning_rate": 0.001,
        "weight_decay": 0.002,
        "patience": 7
    }
}