{
    "train": {
        "loss": [
            1.9869374831517537,
            1.8817032106921203,
            1.836258499031393,
            1.8070272370281382,
            1.776823633756393,
            1.7490848914170876,
            1.7475552558898926,
            1.722302860683865,
            1.6937861676908965,
            1.6782783962722518,
            1.6537774831820757,
            1.6366102868675168,
            1.620723359605186,
            1.603654346914373,
            1.5841619978603134,
            1.5583780626965384,
            1.5202224468573546,
            1.5018455564466298,
            1.458113710085551,
            1.4164478727894971,
            1.3865504234265058,
            1.2948044467176127,
            1.2670438289642334,
            1.2539698038345728,
            1.235591173171997,
            1.2232625290878818,
            1.2104797404036562,
            1.2009260246896336,
            1.1895752798797739,
            1.188672679102319,
            1.1754100954430735,
            1.1836357952183127,
            1.181835868419745,
            1.184735633369185
        ],
        "accuracy": [
            0.2823924720287323,
            0.34610214829444885,
            0.37190860509872437,
            0.3826613128185272,
            0.40349462628364563,
            0.41814517974853516,
            0.411827951669693,
            0.43870967626571655,
            0.4534946382045746,
            0.46155914664268494,
            0.48978495597839355,
            0.49663978815078735,
            0.5104838609695435,
            0.5258064866065979,
            0.5436828136444092,
            0.5637096762657166,
            0.5908602476119995,
            0.6038978695869446,
            0.6397849321365356,
            0.6642473340034485,
            0.6830645203590393,
            0.7471774220466614,
            0.766532301902771,
            0.777688205242157,
            0.7939516305923462,
            0.80080646276474,
            0.8051075339317322,
            0.8099462389945984,
            0.8169354796409607,
            0.8181451559066772,
            0.827957034111023,
            0.8215053677558899,
            0.8216397762298584,
            0.8260753154754639
        ]
    },
    "validation": {
        "loss": [
            1.8452913975104308,
            1.8416417776009975,
            1.7839085413859441,
            1.746987996957241,
            1.765249985914964,
            1.6942379107842078,
            1.709828407336504,
            1.6980109917811859,
            1.6970174801655304,
            1.730885080802135,
            1.6901103135866997,
            1.681978152348445,
            1.6604734322963617,
            1.6687837411195805,
            1.6543459586608105,
            1.6738342810899784,
            1.6920407796517396,
            1.6877537415577815,
            1.691457213499607,
            1.677052467297285,
            1.6819223318344507,
            1.6529731781054766,
            1.659908386377188,
            1.6717966000239055,
            1.6828364133834839,
            1.6780355679683197,
            1.6853772738041022,
            1.6813948521247277,
            1.6869059006373088,
            1.6882710242882752,
            1.6913184722264607,
            1.6948060378050194,
            1.6905553157512958,
            1.6935912798612545
        ],
        "accuracy": [
            0.3588709533214569,
            0.36209675669670105,
            0.3891128897666931,
            0.42016127705574036,
            0.4141128957271576,
            0.448387086391449,
            0.44758063554763794,
            0.4439516067504883,
            0.45967739820480347,
            0.43225806951522827,
            0.4576612710952759,
            0.45443546772003174,
            0.47580644488334656,
            0.4749999940395355,
            0.47782257199287415,
            0.4701612889766693,
            0.4540322422981262,
            0.4814516007900238,
            0.47459676861763,
            0.48508062958717346,
            0.48467740416526794,
            0.5197580456733704,
            0.5157257914543152,
            0.5068548321723938,
            0.5104838609695435,
            0.5032258033752441,
            0.5028225779533386,
            0.5040322542190552,
            0.5040322542190552,
            0.5020161271095276,
            0.5020161271095276,
            0.4971774220466614,
            0.4979838728904724,
            0.49879032373428345
        ]
    },
    "hyperparams": {
        "learning_rate": 0.0005,
        "weight_decay": 1e-05,
        "patience": 5
    }
}