{
    "train": {
        "loss": [
            2.0212716495888863
        ],
        "accuracy": [
            0.27540323138237
        ]
    },
    "validation": {
        "loss": [
            2.0185297635885386
        ],
        "accuracy": [
            0.3032258152961731
        ]
    },
    "hyperparams": {
        "learning_rate": 0.001,
        "weight_decay": 0,
        "patience": 5,
        "momentum_bn2": 0.2,
        "filename": 0.25,
        "labelsmooth": null
    }
}