{
    "train": {
        "loss": [
            1.9946290814978445,
            1.8817888518683932,
            1.8480254880383484,
            1.8276797298692231,
            1.8034096069825,
            1.7761799881600926,
            1.765993883467128,
            1.7476303750633175,
            1.7429685327741835,
            1.7244598926642003,
            1.717453472634666,
            1.7111182131318965,
            1.686212381746015,
            1.676079245714041,
            1.672780895844484,
            1.6541481099577031,
            1.6340129895088,
            1.6217083778136816,
            1.6077111246239426,
            1.578992063163692,
            1.56064729201488,
            1.5301227253726406,
            1.5061679752463968,
            1.4789195305261857,
            1.4428501322738125,
            1.4113829930623372,
            1.3866857616310446,
            1.3564317532074757,
            1.3076658656454494,
            1.2792684593771257,
            1.257906137368618,
            1.2018596321089654,
            1.1814649451492178,
            1.174933839048076,
            1.1276537134097173
        ],
        "accuracy": [
            0.28319892287254333,
            0.34368279576301575,
            0.36196237802505493,
            0.3704301118850708,
            0.38561829924583435,
            0.4026881754398346,
            0.4026881754398346,
            0.414919376373291,
            0.4233871102333069,
            0.438037633895874,
            0.44099462032318115,
            0.4498656094074249,
            0.45470431447029114,
            0.4678763449192047,
            0.4721774160861969,
            0.49663978815078735,
            0.5036290287971497,
            0.5133064389228821,
            0.5302419662475586,
            0.5486559271812439,
            0.5631720423698425,
            0.5877688527107239,
            0.6086021661758423,
            0.6232526898384094,
            0.6482527256011963,
            0.6743279695510864,
            0.6881720423698425,
            0.7084677815437317,
            0.7369623780250549,
            0.7565860152244568,
            0.7705645561218262,
            0.8038978576660156,
            0.8176075220108032,
            0.823387086391449,
            0.8543010950088501
        ]
    },
    "validation": {
        "loss": [
            1.8655016300005791,
            1.8168911842199473,
            1.8339704458530133,
            1.7836032249988654,
            1.7497478845791938,
            1.7668491021180763,
            1.7487820020088782,
            1.7085824379554162,
            1.7257604385033631,
            1.6866182761314588,
            1.7020099682685657,
            1.714715043703715,
            1.6798668121680236,
            1.6549236988409972,
            1.7055970338674693,
            1.6517301889566274,
            1.6628718284460215,
            1.6436056999059825,
            1.6521651378044715,
            1.6634526283313067,
            1.6682913670173058,
            1.671502275344653,
            1.6860979398091633,
            1.6862202638234847,
            1.6964730605100975,
            1.7077773412068684,
            1.701095740000407,
            1.725685755411784,
            1.7870255769827428,
            1.7618443293449206,
            1.756295824662233,
            1.7669581786180153,
            1.7757473175342267,
            1.8303709305249727,
            1.8090540445767915
        ],
        "accuracy": [
            0.3499999940395355,
            0.375,
            0.3709677457809448,
            0.3951612710952759,
            0.4165322482585907,
            0.4141128957271576,
            0.4213709533214569,
            0.4334677457809448,
            0.4403225779533386,
            0.45685482025146484,
            0.4330645203590393,
            0.42701610922813416,
            0.4532257914543152,
            0.4810483753681183,
            0.44516128301620483,
            0.4818548262119293,
            0.47096773982048035,
            0.47540321946144104,
            0.47822579741477966,
            0.46411290764808655,
            0.46612903475761414,
            0.47580644488334656,
            0.46411290764808655,
            0.46451613306999207,
            0.460080623626709,
            0.4653225839138031,
            0.48709675669670105,
            0.46370968222618103,
            0.44596773386001587,
            0.4487903118133545,
            0.4657258093357086,
            0.4608871042728424,
            0.47459676861763,
            0.4403225779533386,
            0.45887094736099243
        ]
    },
    "hyperparams": {
        "learning_rate": 0.0005,
        "weight_decay": 0.001,
        "patience": 100
    }
}