{
    "train": {
        "loss": [
            1.9971145218254154,
            1.9084714182421691,
            1.853617153616033,
            1.8326799920481494,
            1.8036263131687784,
            1.784041293665894,
            1.76103229706104,
            1.7405995456581442,
            1.7329141044209146,
            1.726527853908702,
            1.7163010387339144,
            1.7029793068893955,
            1.696725251328232,
            1.6900645178607387,
            1.6776458921595516,
            1.676839627771296,
            1.6554456806590414,
            1.6646538453224378,
            1.6520250954179683,
            1.6379977556375356,
            1.6303646758071377,
            1.614018256847675,
            1.6099341883618608,
            1.5985504928817096,
            1.5927708994629037,
            1.5821088236621303,
            1.5784299006828895,
            1.5700549304994762,
            1.5547572303022075,
            1.5437429022585225,
            1.5346268099597378,
            1.5351664806023622,
            1.5150796480667896,
            1.5073776163606563,
            1.4911706070614676,
            1.4836171019790518,
            1.4626664402138474,
            1.4608127469690437,
            1.4369034064121735,
            1.4157067017677503,
            1.4179491854121542,
            1.4023615091274946,
            1.3830598959555993,
            1.3721569053128235,
            1.3571808623452473,
            1.3308186928431194,
            1.3187571122096136,
            1.3123815946089916,
            1.297877538917411,
            1.267339358981858,
            1.2557943855595386,
            1.2411143148047292,
            1.232511876994728,
            1.2156507469650009,
            1.1964567716305072,
            1.178045480679243,
            1.1716568164336376,
            1.1467684690768902
        ],
        "accuracy": [
            0.2897849380970001,
            0.33655914664268494,
            0.364112913608551,
            0.3676075339317322,
            0.3888441026210785,
            0.4000000059604645,
            0.41384410858154297,
            0.4259408712387085,
            0.438037633895874,
            0.4346774220466614,
            0.44395163655281067,
            0.4470430314540863,
            0.45725807547569275,
            0.46666666865348816,
            0.46612903475761414,
            0.47352150082588196,
            0.488575279712677,
            0.48077958822250366,
            0.4842742085456848,
            0.4905914068222046,
            0.5067204236984253,
            0.5193548202514648,
            0.5161290168762207,
            0.5263441205024719,
            0.5354838967323303,
            0.5387097001075745,
            0.5370967984199524,
            0.5482527017593384,
            0.5608870983123779,
            0.5662634372711182,
            0.5729838609695435,
            0.5798386931419373,
            0.58991938829422,
            0.5977150797843933,
            0.6112903356552124,
            0.6163978576660156,
            0.6270161271095276,
            0.6331989169120789,
            0.6462365984916687,
            0.6673387289047241,
            0.6637097001075745,
            0.6810483932495117,
            0.6920698881149292,
            0.6966397762298584,
            0.7030913829803467,
            0.7206989526748657,
            0.7364247441291809,
            0.7467741966247559,
            0.7587365508079529,
            0.7747312188148499,
            0.7810484170913696,
            0.7923387289047241,
            0.7981182932853699,
            0.8075268864631653,
            0.8272849917411804,
            0.8366935849189758,
            0.8420699238777161,
            0.8563172221183777
        ]
    },
    "validation": {
        "loss": [
            1.8811715138264191,
            1.8379063606262207,
            1.8880656010065324,
            1.7856237307572975,
            1.844797406441126,
            1.7394616634417803,
            1.7465283014835455,
            1.7264957427978516,
            1.7035716130183294,
            1.6927327865209334,
            1.6967039841871996,
            1.6825762131275275,
            1.671883463859558,
            1.7058029816700861,
            1.6825048923492432,
            1.6776314545900395,
            1.641597228172498,
            1.6440281195518298,
            1.6309731403986614,
            1.6253828421617165,
            1.6597770635898297,
            1.6015343177012908,
            1.6079502931007972,
            1.5938706306310801,
            1.6036177078882854,
            1.6081431706746419,
            1.590234249066084,
            1.581635404855777,
            1.5675628613202999,
            1.5811932881673176,
            1.6104464714343731,
            1.5927595052963648,
            1.5603428528859065,
            1.5603619447121253,
            1.5401291755529551,
            1.548859192774846,
            1.5587233549509294,
            1.5606255195079706,
            1.5469768322431123,
            1.5394195257089076,
            1.5549145539601643,
            1.527922890125177,
            1.5165565044451983,
            1.5147522137715266,
            1.509848218697768,
            1.4922181765238445,
            1.5352799219962878,
            1.5113065609565148,
            1.488676061997047,
            1.5076309748184986,
            1.5312748566651955,
            1.515268298295828,
            1.5098072320987017,
            1.4743848060950255,
            1.4705677246436095,
            1.4855496608293974,
            1.482628834553254,
            1.499449583200308
        ],
        "accuracy": [
            0.34354838728904724,
            0.3677419424057007,
            0.323387086391449,
            0.4096774160861969,
            0.4052419364452362,
            0.4145161211490631,
            0.4068548381328583,
            0.4258064329624176,
            0.4350806474685669,
            0.46895161271095276,
            0.4467741847038269,
            0.4673387110233307,
            0.46854838728904724,
            0.4395161271095276,
            0.45685482025146484,
            0.460080623626709,
            0.49435484409332275,
            0.49637097120285034,
            0.48709675669670105,
            0.49475806951522827,
            0.4887096583843231,
            0.521774172782898,
            0.5112903118133545,
            0.5165322422981262,
            0.5145161151885986,
            0.5157257914543152,
            0.5310483574867249,
            0.5294354557991028,
            0.5391128659248352,
            0.5358870625495911,
            0.51169353723526,
            0.5249999761581421,
            0.5544354915618896,
            0.5560483932495117,
            0.563306450843811,
            0.5419355034828186,
            0.5560483932495117,
            0.5560483932495117,
            0.5717741847038269,
            0.563306450843811,
            0.5673387050628662,
            0.5697580575942993,
            0.5891128778457642,
            0.5911290049552917,
            0.59758061170578,
            0.6092742085456848,
            0.5939515829086304,
            0.5999999642372131,
            0.6189516186714172,
            0.6193548440933228,
            0.6028225421905518,
            0.6028225421905518,
            0.6254032254219055,
            0.63669353723526,
            0.6387096643447876,
            0.6346774101257324,
            0.6298387050628662,
            0.625
        ]
    },
    "hyperparams": {
        "learning_rate": 0.001,
        "weight_decay": 0,
        "patience": 5
    }
}