{
    "train": {
        "loss": [
            2.057647567528945,
            1.9259716201032329,
            1.8743348396741426,
            1.837620324558682,
            1.8071274716629941,
            1.780888319015503,
            1.7557620288979294,
            1.7354371639398427,
            1.7074970872993143,
            1.682848295594892,
            1.6615931620964637,
            1.6299418649102888,
            1.6014025883796887,
            1.5670440003403232,
            1.5363796327868078,
            1.4951752363107143,
            1.4471988178725936,
            1.4034736217596593,
            1.3685283538622735,
            1.3299512221263006,
            1.2811093656425803,
            1.2545151608621972,
            1.2176538828091743,
            1.1783510303904867,
            1.1523032769178734
        ],
        "accuracy": [
            0.25618278980255127,
            0.32983872294425964,
            0.3540322780609131,
            0.37419354915618896,
            0.3938172161579132,
            0.39462366700172424,
            0.4211021661758423,
            0.43911290168762207,
            0.4606182873249054,
            0.4770161509513855,
            0.49448925256729126,
            0.5181451439857483,
            0.5474462509155273,
            0.5762096643447876,
            0.5934140086174011,
            0.6194892525672913,
            0.6655914187431335,
            0.6943548321723938,
            0.7178763747215271,
            0.7430107593536377,
            0.779032289981842,
            0.7900537848472595,
            0.8213709592819214,
            0.840994656085968,
            0.8561828136444092
        ]
    },
    "validation": {
        "loss": [
            1.912077390230619,
            1.8530198427347035,
            1.8080237675935795,
            1.7802433295127673,
            1.7784459499212413,
            1.74427841259883,
            1.7100141048431396,
            1.701389572559259,
            1.6939423053692548,
            1.6782600421171923,
            1.6824331069603944,
            1.6788505285214155,
            1.6565290750601354,
            1.6601254817767022,
            1.6725746118105376,
            1.7064320888274755,
            1.7015447433178241,
            1.710978049498338,
            1.6998504583652203,
            1.7417384936259344,
            1.7293262359423516,
            1.7628044868126893,
            1.8072470212594056,
            1.7961851572379088,
            1.82761017481486
        ],
        "accuracy": [
            0.36895161867141724,
            0.3685483932495117,
            0.41330644488334656,
            0.4032258093357086,
            0.42258062958717346,
            0.4330645203590393,
            0.4370967745780945,
            0.45040321350097656,
            0.4584677219390869,
            0.4677419364452362,
            0.45725804567337036,
            0.4633064568042755,
            0.49475806951522827,
            0.4770161211490631,
            0.4697580635547638,
            0.4584677219390869,
            0.4649193584918976,
            0.46612903475761414,
            0.4741935431957245,
            0.4556451439857483,
            0.4653225839138031,
            0.4649193584918976,
            0.43911290168762207,
            0.46169355511665344,
            0.4439516067504883
        ]
    },
    "hyperparams": {
        "learning_rate": 0.0001,
        "weight_decay": 0,
        "patience": 100
    }
}