{
    "train": {
        "loss": [
            1.9831202743399856,
            1.8831559888318055,
            1.8500265412860446,
            1.81637650473505,
            1.7915825181537204,
            1.7670449028667221,
            1.7665451989214644,
            1.7396471225298369,
            1.7210615863147964,
            1.6902248462041218,
            1.6808371065009353,
            1.669530871586922,
            1.643906786910489,
            1.6340833015930958,
            1.605185398688683,
            1.588680301976,
            1.5502277887784517,
            1.538040025621398,
            1.513841319287944,
            1.4847303099102445,
            1.4559308412747505,
            1.4297551904988086,
            1.3817920185561874,
            1.3547700348063412,
            1.3358246821623583,
            1.2790355488785312,
            1.249993270278996,
            1.232350653053349,
            1.196450060249394,
            1.161438076924055,
            1.1477963323267097,
            1.1236356812664585
        ],
        "accuracy": [
            0.28319892287254333,
            0.3473118245601654,
            0.3655914068222046,
            0.37889784574508667,
            0.39260753989219666,
            0.4051075279712677,
            0.40161290764808655,
            0.4232527017593384,
            0.4353494644165039,
            0.4608871042728424,
            0.46155914664268494,
            0.48279571533203125,
            0.49180108308792114,
            0.5053763389587402,
            0.5217742323875427,
            0.5345430374145508,
            0.5595430135726929,
            0.5712365508079529,
            0.5887097120285034,
            0.6153225898742676,
            0.6380376219749451,
            0.6520161628723145,
            0.6856182813644409,
            0.705107569694519,
            0.7170699238777161,
            0.7567204236984253,
            0.7728495001792908,
            0.7857527136802673,
            0.8072580695152283,
            0.8305107951164246,
            0.8400537967681885,
            0.8543010950088501
        ]
    },
    "validation": {
        "loss": [
            2.007994743493887,
            1.8157219000351734,
            1.7734103508484669,
            1.7568394251358814,
            1.737748622894287,
            1.7270252460088484,
            1.7143525985571055,
            1.7502993712058434,
            1.687709044187497,
            1.7351670754261506,
            1.6774811805822911,
            1.6626058572377913,
            1.6538512370525262,
            1.6932202791556334,
            1.6648638615241418,
            1.660517142369197,
            1.6611090164918165,
            1.6686226221231313,
            1.6711430488488612,
            1.662298471499712,
            1.7117341940219586,
            1.7159288571431086,
            1.6951508002403455,
            1.7368999199989514,
            1.7356859537271352,
            1.7231766688518035,
            1.7916844747005365,
            1.7998230915803175,
            1.7836088645152557,
            1.8172643245794835,
            1.8028699098489223,
            1.8400213932379699
        ],
        "accuracy": [
            0.28387096524238586,
            0.3818548321723938,
            0.4124999940395355,
            0.4185483753681183,
            0.4330645203590393,
            0.41975805163383484,
            0.43387097120285034,
            0.4116935431957245,
            0.4576612710952759,
            0.43588709831237793,
            0.4556451439857483,
            0.4580644965171814,
            0.4858870804309845,
            0.4375,
            0.4786290228366852,
            0.47983869910240173,
            0.48911288380622864,
            0.48266127705574036,
            0.48951610922813416,
            0.4838709533214569,
            0.4770161211490631,
            0.48266127705574036,
            0.49435484409332275,
            0.4810483753681183,
            0.4673387110233307,
            0.4927419424057007,
            0.4818548262119293,
            0.4673387110233307,
            0.4810483753681183,
            0.47379031777381897,
            0.4790322482585907,
            0.4681451618671417
        ]
    },
    "hyperparams": {
        "learning_rate": 0.00075,
        "weight_decay": 1e-05,
        "patience": 100
    }
}