{
    "train": {
        "loss": [
            2.0161860580118294
        ],
        "accuracy": [
            0.2844085991382599
        ]
    },
    "validation": {
        "loss": [
            2.027121828152583
        ],
        "accuracy": [
            0.2943548262119293
        ]
    },
    "hyperparams": {
        "learning_rate": 0.001,
        "weight_decay": 0,
        "patience": 5,
        "momentum_bn2": 0.2,
        "filename": null,
        "labelsmooth": 0.25
    }
}