{
    "train": {
        "loss": [
            2.0081468137920413,
            1.9043238264882667,
            1.8603625593022404,
            1.8399019302465978,
            1.8014830238798745,
            1.797441344994765,
            1.7715701160267887,
            1.775046272155566,
            1.7463143615641146,
            1.7339924410877066,
            1.7242584931544769,
            1.7334494264716775,
            1.7178145942524967,
            1.6981732916628194,
            1.6890810768828433,
            1.6726783351001577,
            1.6698627176447811,
            1.6684125987892477,
            1.6486966559010694,
            1.6431322943451059,
            1.631270498292059,
            1.6151836112014248,
            1.6209014368872356,
            1.6095170679255428,
            1.5887233355106452,
            1.5857668626002777,
            1.561078006385738,
            1.5436959877992287,
            1.5368994240067964,
            1.5228070601438866,
            1.502396133210924,
            1.4878788432504377,
            1.4788486702829344,
            1.4504625328585632,
            1.4178079570460522,
            1.3904812672199347,
            1.377737022872664,
            1.2698552863210695,
            1.217768463314089,
            1.1889704007368822,
            1.176207746195997,
            1.1565980605590038,
            1.1489679742063212,
            1.1392173461425,
            1.1245524282129402,
            1.1168974148921478,
            1.1012936708254693,
            1.0972809949491777,
            1.0776003303690853,
            1.0720155366465576,
            1.0550097848615076,
            1.0584533667971945,
            1.0460253255998986,
            1.0554154021108253,
            1.0481162555197365,
            1.0368987097699418,
            1.0404593812094793,
            1.0439492540481763,
            1.0359802974594965,
            1.0434406929545932,
            1.0383360385894775,
            1.0302099025147593
        ],
        "accuracy": [
            0.2842741906642914,
            0.33911290764808655,
            0.35793012380599976,
            0.3637096881866455,
            0.3821236491203308,
            0.39435485005378723,
            0.41330647468566895,
            0.40887096524238586,
            0.4334677457809448,
            0.43373656272888184,
            0.44099462032318115,
            0.43642473220825195,
            0.4442204535007477,
            0.4602150619029999,
            0.4657258093357086,
            0.4743279814720154,
            0.47822582721710205,
            0.47607529163360596,
            0.49462366104125977,
            0.4958333373069763,
            0.5135752558708191,
            0.5215054154396057,
            0.5204301476478577,
            0.5254032611846924,
            0.5430107712745667,
            0.5430107712745667,
            0.5573924779891968,
            0.5751343965530396,
            0.572849452495575,
            0.5888441205024719,
            0.602688193321228,
            0.61330646276474,
            0.6194892525672913,
            0.6497312188148499,
            0.6583333611488342,
            0.6811828017234802,
            0.6896505355834961,
            0.7692204713821411,
            0.8063172101974487,
            0.824999988079071,
            0.8336021900177002,
            0.8456989526748657,
            0.8512097001075745,
            0.8584677577018738,
            0.8713709712028503,
            0.8728494644165039,
            0.8825268745422363,
            0.8862903118133545,
            0.9016129374504089,
            0.9053763747215271,
            0.9158602356910706,
            0.9166666865348816,
            0.9211021661758423,
            0.9181451797485352,
            0.9192204475402832,
            0.9309139847755432,
            0.9293010830879211,
            0.9280914068222046,
            0.9254032373428345,
            0.9239247441291809,
            0.9254032373428345,
            0.9302419424057007
        ]
    },
    "validation": {
        "loss": [
            1.8742946844834547,
            1.8188336598567474,
            1.7930289690311139,
            1.750038587130033,
            1.7406961489946415,
            1.7270302925354395,
            1.7483614530318823,
            1.72817290134919,
            1.7280065677104852,
            1.7247034922624245,
            1.6831100628926203,
            1.699329104178991,
            1.675189739618546,
            1.653791504028516,
            1.6436087076480572,
            1.6488405802311041,
            1.6549302033888988,
            1.6566091317396898,
            1.6405494855000422,
            1.5926844768035107,
            1.6078449885050456,
            1.6313013235727947,
            1.668382635483375,
            1.6048712852673652,
            1.5958270476414607,
            1.5844689729886177,
            1.5613856315612793,
            1.5845843156178792,
            1.5634065774770884,
            1.570893040070167,
            1.5392092924851637,
            1.5665695667266846,
            1.5528445763465686,
            1.5553080974481044,
            1.5413223994083893,
            1.5694939264884362,
            1.5523022229854877,
            1.4618553870763533,
            1.463397747431046,
            1.4584431801086817,
            1.461008866628011,
            1.4650951960147955,
            1.456383845744989,
            1.4516751643938897,
            1.470692148575416,
            1.4634630435552352,
            1.4598756722914867,
            1.4606296129715748,
            1.4621888857621412,
            1.4607049226760864,
            1.4603671630223591,
            1.4677814398056421,
            1.4602789481480916,
            1.4582977906251564,
            1.458004878117488,
            1.4514768031927257,
            1.4653385969308705,
            1.4591746360827715,
            1.4607765735724034,
            1.4555035187647893,
            1.4547842190815852,
            1.4530583711770864
        ],