{
    "train": {
        "loss": [
            2.0588421577062364,
            1.9320787221957476,
            1.8827156470372126,
            1.8390768063374054,
            1.8045662498881674,
            1.7829501068490183,
            1.7558614952951415,
            1.7390212982128828,
            1.7102849962364914,
            1.6849840940573277,
            1.664608127031571,
            1.6275367594172812,
            1.591201618186429,
            1.563233962425819,
            1.5351180480076716,
            1.5018866581794543,
            1.4550631678002512,
            1.407263627419105,
            1.3695666413021903,
            1.3408681113495786,
            1.2598995734483769,
            1.228616053222591,
            1.2172764560096285,
            1.214329097006056,
            1.2039742867151897,
            1.1896844694757054,
            1.187215766336164,
            1.176369248292385
        ],
        "accuracy": [
            0.2525537610054016,
            0.32620969414711,
            0.3494623601436615,
            0.3732526898384094,
            0.3931451737880707,
            0.40362903475761414,
            0.4194892644882202,
            0.4323924779891968,
            0.45524194836616516,
            0.47567206621170044,
            0.49462366104125977,
            0.5275537967681885,
            0.5463709831237793,
            0.5661290287971497,
            0.5997312068939209,
            0.6235215067863464,
            0.6508064866065979,
            0.6887096762657166,
            0.716263473033905,
            0.7381720542907715,
            0.7978494763374329,
            0.813037633895874,
            0.82419353723526,
            0.8280914425849915,
            0.8354839086532593,
            0.8419355154037476,
            0.8490591645240784,
            0.8588709831237793
        ]
    },
    "validation": {
        "loss": [
            1.9176527995329637,
            1.8633081332231178,
            1.816688060760498,
            1.7669330010047326,
            1.7698290256353526,
            1.7273144508019471,
            1.6954353161347218,
            1.6992974189611583,
            1.6828086315057216,
            1.6790287800324268,
            1.6686927752617078,
            1.6492340197929969,
            1.6573691826600294,
            1.6484301548737745,
            1.7112953754571767,
            1.6710417026128523,
            1.6555389104745326,
            1.673504459552276,
            1.68512146289532,
            1.7161197234422734,
            1.6760082581104376,
            1.672266165415446,
            1.6788742206035516,
            1.6863121772423768,
            1.671977357986646,
            1.6902225659443781,
            1.6831286075787666,
            1.6786792217156825
        ],
        "accuracy": [
            0.34193548560142517,
            0.3725806474685669,
            0.3838709592819214,
            0.4161290228366852,
            0.41814514994621277,
            0.44274193048477173,
            0.4608871042728424,
            0.44919353723526,
            0.4693548381328583,
            0.4681451618671417,
            0.47298386693000793,
            0.485483855009079,
            0.4838709533214569,
            0.49193546175956726,
            0.4633064568042755,
            0.49435484409332275,
            0.5072580575942993,
            0.49475806951522827,
            0.4927419424057007,
            0.47540321946144104,
            0.49677419662475586,
            0.5036290287971497,
            0.49153223633766174,
            0.4927419424057007,
            0.5004032254219055,
            0.49395161867141724,
            0.4935483932495117,
            0.49395161867141724
        ]
    },
    "hyperparams": {
        "learning_rate": 0.0001,
        "weight_decay": 1e-05,
        "patience": 5
    }
}