{
    "train": {
        "loss": [
            2.079792368106353,
            1.9336909626284216,
            1.865608322314727,
            1.8271649576659896,
            1.793309395129864,
            1.7727034631957355,
            1.7437654529881275,
            1.7191763780055902,
            1.6912903622684317,
            1.6722736144677186,
            1.6349984967810476,
            1.605093829652183,
            1.5719212701178005,
            1.530398192568722,
            1.495679024957184,
            1.4538841746811173,
            1.422656890673515,
            1.380850665589683,
            1.3345904615190294,
            1.2721723654331305,
            1.2338842000716772,
            1.2276768928919084,
            1.2122023778083997,
            1.202346599000132,
            1.1964888002118494,
            1.18225126592522,
            1.1828612303122497
        ],
        "accuracy": [
            0.25362902879714966,
            0.3244623839855194,
            0.35336023569107056,
            0.37405914068222046,
            0.3958333432674408,
            0.42217743396759033,
            0.43400537967681885,
            0.45483872294425964,
            0.477419376373291,
            0.48830646276474,
            0.5215054154396057,
            0.5381720662117004,
            0.5583333373069763,
            0.5954301357269287,
            0.624462366104126,
            0.6514785289764404,
            0.675000011920929,
            0.704569935798645,
            0.7369623780250549,
            0.7829301357269287,
            0.8157258033752441,
            0.8174731135368347,
            0.8291667103767395,
            0.8361559510231018,
            0.8424731492996216,
            0.8479838967323303,
            0.8530914187431335
        ]
    },
    "validation": {
        "loss": [
            1.934213176751748,
            1.8386358267221696,
            1.800724127353766,
            1.763441489293025,
            1.7426785505734956,
            1.7223059642009246,
            1.7113242852382171,
            1.7013217547000983,
            1.6828697155683467,
            1.6781881161225147,
            1.6858392801040258,
            1.7107874307876978,
            1.6651988793642094,
            1.666267774043939,
            1.6770146168195283,
            1.703893514779898,
            1.697474724207169,
            1.703319320311913,
            1.732568866167313,
            1.7020301421483357,
            1.694250415533017,
            1.701629326893733,
            1.698494987610059,
            1.700290967256595,
            1.7093465267083583,
            1.6998085914514003,
            1.7007758006071434
        ],
        "accuracy": [
            0.3588709533214569,
            0.3883064389228821,
            0.3951612710952759,
            0.4137096703052521,
            0.4379032254219055,
            0.44274193048477173,
            0.44516128301620483,
            0.4419354796409607,
            0.45483869314193726,
            0.4657258093357086,
            0.4701612889766693,
            0.4403225779533386,
            0.4766128957271576,
            0.4721774160861969,
            0.4653225839138031,
            0.4604838490486145,
            0.45927417278289795,
            0.4677419364452362,
            0.47459676861763,
            0.48064514994621277,
            0.4879032075405121,
            0.48709675669670105,
            0.49193546175956726,
            0.49193546175956726,
            0.48749998211860657,
            0.4879032075405121,
            0.48508062958717346
        ]
    },
    "hyperparams": {
        "learning_rate": 0.0001,
        "weight_decay": 0,
        "patience": 5
    }
}