{
    "train": {
        "loss": [
            1.9887319507761898,
            1.8887566715224176,
            1.8534972158252683,
            1.8204552240860767,
            1.792379673729595,
            1.7690964499090471,
            1.759984149892106,
            1.7601406034241376,
            1.742709149662246,
            1.7318202746220124,
            1.7253335082632864,
            1.7116069773323515,
            1.6859956022001739,
            1.6945517806925325,
            1.669344130744282,
            1.6724056443597517,
            1.6490293904247446,
            1.6383379555156088,
            1.622597386694362,
            1.609725776900593,
            1.590575070462675,
            1.563921943689004,
            1.5502356137984838,
            1.523760582646753,
            1.5000576524652987,
            1.4618549418245625,
            1.4251831800509722,
            1.3824744937766311,
            1.3597522006075606,
            1.2503162051877406,
            1.1951981008562267,
            1.160653362926255,
            1.137184850171081
        ],
        "accuracy": [
            0.28561827540397644,
            0.33669355511665344,
            0.36263442039489746,
            0.3799731135368347,
            0.3961021602153778,
            0.40591397881507874,
            0.4173387289047241,
            0.41263440251350403,
            0.42258065938949585,
            0.43454301357269287,
            0.43185484409332275,
            0.4379032254219055,
            0.4583333432674408,
            0.4604838788509369,
            0.4787634611129761,
            0.47338709235191345,
            0.4913978576660156,
            0.5012096762657166,
            0.5134408473968506,
            0.5258064866065979,
            0.5419355034828186,
            0.5584677457809448,
            0.5690860152244568,
            0.5897849798202515,
            0.6038978695869446,
            0.6307795643806458,
            0.664919376373291,
            0.6852150559425354,
            0.7063172459602356,
            0.7713710069656372,
            0.8147849440574646,
            0.8373656272888184,
            0.851881742477417
        ]
    },
    "validation": {
        "loss": [
            1.8536916482142913,
            1.82615716335101,
            1.8581990676048474,
            1.764630186252105,
            1.7776426535386305,
            1.7609736858270106,
            1.7114154467215905,
            1.7344611180134308,
            1.7130544216204913,
            1.7381740502822094,
            1.6917860202300243,
            1.671883503595988,
            1.6873373221128414,
            1.7319693626501622,
            1.7048520950170665,
            1.6726115605770013,
            1.6720278782722278,
            1.6625346037057729,
            1.680715460043687,
            1.6890304455390344,
            1.6816360919903486,
            1.7094413928496532,
            1.6826231968708527,
            1.690434645383786,
            1.7698286099311633,
            1.7231504183549147,
            1.7532641398601043,
            1.7972627450258305,
            1.742696483929952,
            1.688789413525508,
            1.698260710789607,
            1.7127443368618305,
            1.7204329661833935
        ],
        "accuracy": [
            0.36653226613998413,
            0.38951611518859863,
            0.36693549156188965,
            0.40846773982048035,
            0.422983855009079,
            0.4056451618671417,
            0.42903226613998413,
            0.4262096583843231,
            0.4326612949371338,
            0.41774192452430725,
            0.4346774220466614,
            0.46411290764808655,
            0.44798386096954346,
            0.4213709533214569,
            0.4556451439857483,
            0.4677419364452362,
            0.4717741906642914,
            0.47741934657096863,
            0.4560483694076538,
            0.4471774101257324,
            0.46693548560142517,
            0.4375,
            0.46653226017951965,
            0.46854838728904724,
            0.43830645084381104,
            0.4552419185638428,
            0.4463709592819214,
            0.4334677457809448,
            0.4495967626571655,
            0.4810483753681183,
            0.4887096583843231,
            0.48669353127479553,
            0.4838709533214569
        ]
    },
    "hyperparams": {
        "learning_rate": 0.00075,
        "weight_decay": 0.001,
        "patience": 10
    }
}