{
    "train": {
        "loss": [
            1.9715598200121496
        ],
        "accuracy": [
            0.2666666805744171
        ]
    },
    "validation": {
        "loss": [
            1.9100521864035191
        ],
        "accuracy": [
            0.26693546772003174
        ]
    },
    "hyperparams": {
        "learning_rate": 0.001,
        "weight_decay": 0,
        "patience": 5,
        "momentum_bn2": 0.2,
        "labelsmooth": 0.15,
        "filename": null
    }
}