{
    "train": {
        "loss": [
            1.9555141783168173,
            1.8872371677659516,
            1.8436288008323083,
            1.8161087678028986,
            1.7797861822649963,
            1.7555285406927776,
            1.734624870821961,
            1.7110466855204003,
            1.6952801005453126,
            1.6694563657809527,
            1.6370171603993473,
            1.6152613916967669,
            1.5798032049439912,
            1.5560723971097896,
            1.5098039298994927,
            1.4651484856238732,
            1.435480293045696,
            1.3828337834431574,
            1.3312418369146495,
            1.283141978785523,
            1.2363239536937485,
            1.1952218713923397,
            1.15079258955442,
            1.125356242697463
        ],
        "accuracy": [
            0.2993279695510864,
            0.3360215127468109,
            0.36881721019744873,
            0.37822580337524414,
            0.39274194836616516,
            0.41760754585266113,
            0.4283602237701416,
            0.4396505355834961,
            0.4538978636264801,
            0.4698924720287323,
            0.5025537610054016,
            0.5174731016159058,
            0.53911292552948,
            0.5639784932136536,
            0.5936828255653381,
            0.6193548440933228,
            0.6448925137519836,
            0.688575267791748,
            0.7127688527107239,
            0.7559139728546143,
            0.7849462628364563,
            0.8102150559425354,
            0.8376344442367554,
            0.8536290526390076
        ]
    },
    "validation": {
        "loss": [
            1.87718482200916,
            1.8580309549967449,
            1.8022964550898626,
            1.7784135830708039,
            1.7405189428574,
            1.7368755340576172,
            1.714696514300811,
            1.7837854379262679,
            1.724000530365186,
            1.6943737390713813,
            1.6584123097933257,
            1.66101912351755,
            1.698563774426778,
            1.76056724633926,
            1.7075526255827684,
            1.7238434644845815,
            1.8379500340192745,
            1.687411944071452,
            1.7639180788627038,
            1.7561593575355334,
            1.7969803504454784,
            1.7968087838246272,
            1.8470405370761187,
            1.8410618305206299
        ],
        "accuracy": [
            0.33911290764808655,
            0.3443548381328583,
            0.37620967626571655,
            0.3959677219390869,
            0.4209677278995514,
            0.41814514994621277,
            0.4193548262119293,
            0.3959677219390869,
            0.44758063554763794,
            0.45241934061050415,
            0.47540321946144104,
            0.47338709235191345,
            0.45927417278289795,
            0.44314515590667725,
            0.4681451618671417,
            0.4653225839138031,
            0.44072580337524414,
            0.4955645203590393,
            0.46411290764808655,
            0.4818548262119293,
            0.47298386693000793,
            0.47298386693000793,
            0.46290323138237,
            0.4701612889766693
        ]
    },
    "hyperparams": {
        "learning_rate": 0.00075,
        "weight_decay": 0,
        "patience": 100
    }
}