{
    "train": {
        "loss": [
            1.950354169576596
        ],
        "accuracy": [
            0.2806451618671417
        ]
    },
    "validation": {
        "loss": [
            1.828572004269331
        ],
        "accuracy": [
            0.3165322542190552
        ]
    },
    "hyperparams": {
        "learning_rate": 0.001,
        "weight_decay": 0,
        "patience": 5,
        "momentum_bn2": 0.1,
        "labelsmooth": 0.1,
        "filename": "models/best_model_stateAcc0.317epoch0.0.pt"
    }
}