{
    "train": {
        "loss": [
            1.9715405794290395,
            1.8726268833519046,
            1.8372080366835635,
            1.8147030579738128,
            1.7933966104800885,
            1.7757267024781969,
            1.7499996372777173,
            1.7394531883745112,
            1.7251234034187772,
            1.707782061690958,
            1.6889740381485376,
            1.677455659605499,
            1.659716477760902,
            1.6388922012769258,
            1.6167646554800181,
            1.6075557337866888,
            1.5872739859116383,
            1.5640911842003846,
            1.545009954362853,
            1.5034432991957054,
            1.477039531764821,
            1.4601775295714028,
            1.416926921942295,
            1.393488055620438,
            1.3646232990118174,
            1.3300558022963695,
            1.3059225652971838,
            1.2835502278091562,
            1.2528109703308496,
            1.2267975613602207,
            1.2033597159589458,
            1.1762399214964647,
            1.1436850178954947,
            1.1290400563142238,
            1.1091534928378897
        ],
        "accuracy": [
            0.2967742085456848,
            0.34838709235191345,
            0.3662634491920471,
            0.3776881694793701,
            0.39744624495506287,
            0.39744624495506287,
            0.4142473340034485,
            0.414381742477417,
            0.43185484409332275,
            0.44274193048477173,
            0.4612903296947479,
            0.47298386693000793,
            0.47594088315963745,
            0.4950268864631653,
            0.5080645084381104,
            0.5243279933929443,
            0.5311828255653381,
            0.5536290407180786,
            0.5712365508079529,
            0.5930107831954956,
            0.6165322661399841,
            0.6272849440574646,
            0.6596774458885193,
            0.6806451678276062,
            0.6987903118133545,
            0.716263473033905,
            0.7344086170196533,
            0.7454301118850708,
            0.7748656272888184,
            0.7837365865707397,
            0.8006720542907715,
            0.8173387050628662,
            0.83991938829422,
            0.8452957272529602,
            0.8639785051345825
        ]
    },
    "validation": {
        "loss": [
            1.9765223539792574,
            1.8134168233626928,
            1.8196019453880115,
            1.7712405920028687,
            1.8289416967294154,
            1.739413090241261,
            1.7283919560603607,
            1.6967416176429162,
            1.8160258409304497,
            1.73940516435183,
            1.6788143989367363,
            1.6654773522646,
            1.692565312752357,
            1.6948896768765571,
            1.6876897445091834,
            1.6624418741617448,
            1.6415143532630725,
            1.6454271322641618,
            1.6693945420094025,
            1.6679810346701207,
            1.6718635589648516,
            1.6826123549388006,
            1.7335614821849725,
            1.7156607371110182,
            1.6862634328695445,
            1.7190474760838044,
            1.7012721177859185,
            1.7234327640288916,
            1.714984539227608,
            1.7367722071134126,
            1.7514166709704277,
            1.7778747173456044,
            1.7985701102476854,
            1.8040633018200214,
            1.7957110068736932
        ],
        "accuracy": [
            0.3145161271095276,
            0.3637096583843231,
            0.37661290168762207,
            0.3987903296947479,
            0.37379032373428345,
            0.42459675669670105,
            0.4209677278995514,
            0.4415322542190552,
            0.38024193048477173,
            0.4233870804309845,
            0.4536290168762207,
            0.4677419364452362,
            0.4447580575942993,
            0.4540322422981262,
            0.4580644965171814,
            0.4770161211490631,
            0.48266127705574036,
            0.4883064329624176,
            0.4810483753681183,
            0.4935483932495117,
            0.4786290228366852,
            0.47822579741477966,
            0.4625000059604645,
            0.4770161211490631,
            0.49475806951522827,
            0.49233871698379517,
            0.4959677457809448,
            0.48508062958717346,
            0.49838709831237793,
            0.5028225779533386,
            0.49233871698379517,
            0.4725806415081024,
            0.4818548262119293,
            0.4681451618671417,
            0.4879032075405121
        ]
    },
    "hyperparams": {
        "learning_rate": 0.00075,
        "weight_decay": 0,
        "patience": 100
    }
}