{
    "train": {
        "loss": [
            1.9879205512185383,
            1.8888366680878859,
            1.8522844936093714,
            1.8232454621893728,
            1.802092849698841,
            1.7744780361142933,
            1.7700726262524598,
            1.7494406873344357,
            1.7367223603093727,
            1.7259425312025933
        ],
        "accuracy": [
            0.2942204475402832,
            0.34865590929985046,
            0.3587365746498108,
            0.3798387050628662,
            0.3959677517414093,
            0.4076612889766693,
            0.4096774160861969,
            0.4220430254936218,
            0.43629032373428345,
            0.4447580873966217
        ]
    },
    "validation": {
        "loss": [
            1.9767158734492767,
            1.8994442499600923,
            1.9010811738478832,
            1.8170642485985389,
            1.7799142935337164,
            1.8067319576556866,
            1.8808064583020332,
            1.8089717718271108,
            1.8938653866449993,
            1.8618324261445265
        ],
        "accuracy": [
            0.30887097120285034,
            0.3423387110233307,
            0.3653225898742676,
            0.38991934061050415,
            0.38548386096954346,
            0.40443548560142517,
            0.3451612889766693,
            0.4145161211490631,
            0.360483855009079,
            0.35725805163383484
        ]
    },
    "hyperparams": {
        "learning_rate": 0.001,
        "weight_decay": 0,
        "patience": 7
    }
}