{
    "train": {
        "loss": [
            1.996863558761075,
            1.9058322651773436,
            1.873212733839312,
            1.8392535651850903,
            1.8081759550632575,
            1.803516639603509,
            1.78823059440678,
            1.7819562712286272,
            1.7694716677706466,
            1.7614769966174395,
            1.7498723400963678,
            1.753186577405685,
            1.7440312846094115,
            1.747510963016086,
            1.7272158066431682,
            1.7304582412426288,
            1.7197743847838833,
            1.713527604046031,
            1.7025189532174005,
            1.6759694101464035,
            1.6606424598612337,
            1.6515709426667955,
            1.6364921463860407,
            1.6382524610584617,
            1.6225973041648538,
            1.6153907398892264,
            1.6005409151060968,
            1.592878294806195,
            1.5855462112997332,
            1.5730415959643502,
            1.5642965461453822,
            1.5596698655022516,
            1.5295933892584255,
            1.5120904955089602,
            1.4940415508726723,
            1.4838744738163092,
            1.4709935636601896,
            1.4543393697494116,
            1.4185897132270358,
            1.4069032169814804,
            1.3761625055573945,
            1.3635345269472172,
            1.3271018450076764,
            1.3214224383362339,
            1.2764301880812035,
            1.2565542887418697,
            1.2372873970586011,
            1.2207815494292822,
            1.195219702190823,
            1.1670890842747486,
            1.151094791216728,
            1.0738036112907605,
            1.0348291906536136,
            1.0237555437617831,
            1.0044884773401113,
            0.997689400982653,
            0.9893444623702612
        ],
        "accuracy": [
            0.29018816351890564,
            0.32956990599632263,
            0.3543010950088501,
            0.36922043561935425,
            0.38978496193885803,
            0.39704301953315735,
            0.4010752737522125,
            0.40819892287254333,
            0.4102150499820709,
            0.4215053915977478,
            0.414650559425354,
            0.42217743396759033,
            0.4333333373069763,
            0.42446237802505493,
            0.43857526779174805,
            0.4329301118850708,
            0.4356182813644409,
            0.4442204535007477,
            0.4533602297306061,
            0.4678763449192047,
            0.47836023569107056,
            0.4936828017234802,
            0.5040322542190552,
            0.5038978457450867,
            0.5090053677558899,
            0.512231171131134,
            0.5247312188148499,
            0.5329301357269287,
            0.5418010950088501,
            0.5450268983840942,
            0.5530914068222046,
            0.5549731254577637,
            0.5770161151885986,
            0.5942204594612122,
            0.6073924899101257,
            0.6170699000358582,
            0.624731183052063,
            0.6397849321365356,
            0.6663978695869446,
            0.6759408712387085,
            0.6936827898025513,
            0.7091398239135742,
            0.738037645816803,
            0.7353494763374329,
            0.767876386642456,
            0.778763473033905,
            0.790188193321228,
            0.8037634491920471,
            0.8201612830162048,
            0.840188205242157,
            0.8517473340034485,
            0.9059140086174011,
            0.9278225898742676,
            0.9368279576301575,
            0.9440860152244568,
            0.9477150440216064,
            0.955107569694519
        ]
    },
    "validation": {
        "loss": [
            2.020163270143362,
            1.8407497558838282,
            1.850571476496183,
            1.8780499024268908,
            1.8443454045515795,
            1.7847237831506975,
            1.7732321604704246,
            1.7505045028833242,
            1.8637297061773448,
            1.6929656175466685,
            1.7139955300551195,
            1.720049500465393,
            1.7122995914557042,
            1.7578945404443986,
            1.703831828557528,
            1.7078965199299347,
            1.6953007380167644,
            1.7275630510770357,
            1.693834017484616,
            1.6408124428529005,
            1.6500421242836194,
            1.6185379884181879,
            1.639568078212249,
            1.6246767258032775,
            1.6392518465335553,
            1.6160206030576656,
            1.5972238045472364,
            1.7177062921034985,
            1.6004920800526936,
            1.633375082260523,
            1.6067349177140455,
            1.5810752190076387,
            1.5597589015960693,
            1.5805202630849986,
            1.5532065263161292,
            1.6117434623913887,
            1.5717049684280004,
            1.5826694445732312,
            1.561654155070965,
            1.6142032268719795,
            1.5936701175494072,
            1.5282644980993025,
            1.6251948796785796,
            1.5627234532282903,
            1.6088447540234296,
            1.5968756584020762,
            1.5985964658932807,
            1.5945920669115508,
            1.6180618023261046,
            1.631470854465778,
            1.609196079082978,
            1.5520708652643056,
            1.5717357366512983,
            1.5997135058427467,
            1.577781698642633,
            1.5603823172740448,
            1.5920133009935036
        ],
        "accuracy": [
            0.31854838132858276,
            0.35725805163383484,
            0.3745967745780945,
            0.34838709235191345,
            0.3725806474685669,
            0.4096774160861969,
            0.4124999940395355,
            0.3987903296947479,
            0.37822580337524414,
            0.45443546772003174,
            0.4350806474685669,
            0.43669354915618896,
            0.4233870804309845,
            0.3979838788509369,
            0.4463709592819214,
            0.43427419662475586,
            0.4673387110233307,
            0.42459675669670105,
            0.44112902879714966,
            0.47298386693000793,
            0.4721774160861969,
            0.4927419424057007,
            0.4749999940395355,
            0.48467740416526794,
            0.4842741787433624,
            0.49233871698379517,
            0.51169353723526,
            0.4556451439857483,
            0.522580623626709,
            0.48669353127479553,
            0.51169353723526,
            0.5185483694076538,
            0.5366935133934021,
            0.5270161032676697,
            0.540725827217102,
            0.5282257795333862,
            0.5399193167686462,
            0.5322580337524414,
            0.5584677457809448,
            0.5229838490486145,
            0.5358870625495911,
            0.5879032015800476,
            0.5294354557991028,
            0.5560483932495117,
            0.5504032373428345,
            0.561693549156189,
            0.5568548440933228,
            0.5689516067504883,
            0.5612903237342834,
            0.5612903237342834,
            0.5661290287971497,
            0.5943548083305359,
            0.5955644845962524,
            0.5814515948295593,
            0.5971773862838745,
            0.6137096881866455,
            0.5935483574867249
        ]
    },
    "hyperparams": {
        "learning_rate": 0.001,
        "weight_decay": 0.0009,
        "patience": 8,
        "message": "Momentum_0.4x2"
    }
}