{
    "train": {
        "loss": [
            1.9418023916391225
        ],
        "accuracy": [
            0.28615590929985046
        ]
    },
    "validation": {
        "loss": [
            1.9647440512975056
        ],
        "accuracy": [
            0.2915322482585907
        ]
    },
    "hyperparams": {
        "learning_rate": 0.001,
        "weight_decay": 0,
        "patience": 10,
        "momentum_bn2": 0.2,
        "labelsmooth": 0.15,
        "filename": null
    }
}