{
    "train": {
        "loss": [
            1.9749785804340982,
            1.8804445928997464,
            1.8490837557703002,
            1.813611999536172,
            1.7938577466540866,
            1.7723386145045614,
            1.7499644094043307,
            1.7349671532965114,
            1.7114167142118144,
            1.6962418454325097,
            1.6793859025352023,
            1.6649979271440425,
            1.6517072844709086,
            1.6245632579183986,
            1.6058576310801709,
            1.5736999929460704,
            1.5465625758863921,
            1.5238996621889946,
            1.500580133535923,
            1.4606322151982887,
            1.4331434129649758,
            1.409506077440376,
            1.3050295613769791,
            1.2836441443516657,
            1.2575642583716629,
            1.254821827269008,
            1.2323742473227346,
            1.2193053217015715,
            1.2073240830348089,
            1.2057205204270844,
            1.1986382639306223,
            1.2013806012960582,
            1.203431953731765,
            1.1990147676223364
        ],
        "accuracy": [
            0.2990591526031494,
            0.3400537669658661,
            0.3549731373786926,
            0.3801075220108032,
            0.3911290466785431,
            0.4022849500179291,
            0.40833333134651184,
            0.43185484409332275,
            0.44126343727111816,
            0.4560483992099762,
            0.4723118245601654,
            0.4725806415081024,
            0.49166667461395264,
            0.5057795643806458,
            0.5201613306999207,
            0.5512096881866455,
            0.5759408473968506,
            0.5853495001792908,
            0.5998656153678894,
            0.6330645084381104,
            0.6470430493354797,
            0.665725827217102,
            0.7389785051345825,
            0.7538978457450867,
            0.7709677815437317,
            0.7708333730697632,
            0.7838709950447083,
            0.7966398000717163,
            0.8032258152961731,
            0.8069892525672913,
            0.8077957034111023,
            0.8108870983123779,
            0.8076612949371338,
            0.8131720423698425
        ]
    },
    "validation": {
        "loss": [
            1.8802411709076319,
            1.8369897603988647,
            1.7738618697875586,
            1.821253070464501,
            1.7488784453807733,
            1.7331871833556738,
            1.721352714758653,
            1.6836982415272639,
            1.695212938846686,
            1.6829916422183697,
            1.6904855569203694,
            1.6922014768307025,
            1.663220002101018,
            1.6768237810868483,
            1.6692589154610267,
            1.6605468407655373,
            1.6806928805815868,
            1.672737684005346,
            1.710013624949333,
            1.6880724338384776,
            1.701985279719035,
            1.6928356794210582,
            1.6775978314570892,
            1.6773278285295536,
            1.688539560024555,
            1.6852487233968882,
            1.68947596122057,
            1.6970755136930025,
            1.6940724513469598,
            1.6989498780323908,
            1.686747174996596,
            1.702853059157347,
            1.6922759031638122,
            1.6979685991238325
        ],
        "accuracy": [
            0.34959676861763,
            0.3657258152961731,
            0.3915322422981262,
            0.38266128301620483,
            0.40201613306999207,
            0.4423387050628662,
            0.42379030585289,
            0.4540322422981262,
            0.4508064389228821,
            0.4564515948295593,
            0.4508064389228821,
            0.4423387050628662,
            0.47983869910240173,
            0.4564515948295593,
            0.4625000059604645,
            0.47580644488334656,
            0.47338709235191345,
            0.4834677278995514,
            0.46290323138237,
            0.46693548560142517,
            0.4794354736804962,
            0.48508062958717346,
            0.49919354915618896,
            0.5137096643447876,
            0.5016129016876221,
            0.5072580575942993,
            0.500806450843811,
            0.4971774220466614,
            0.5048387050628662,
            0.5012096762657166,
            0.5044354796409607,
            0.5048387050628662,
            0.5020161271095276,
            0.5004032254219055
        ]
    },
    "hyperparams": {
        "learning_rate": 0.00075,
        "weight_decay": 1e-05,
        "patience": 5
    }
}