{
    "train": {
        "loss": [
            2.0136634987643642,
            1.9300431593870506,
            1.8887380799676619,
            1.8524325301504543,
            1.8277561267217,
            1.8167614692296736,
            1.8077379679068541,
            1.777197514843737,
            1.7734851674136953,
            1.7637637201537433,
            1.7597925866770947,
            1.7394406866823506,
            1.7338722394062922,
            1.717760927656777,
            1.712666253758292,
            1.70241721573039,
            1.690685460710118,
            1.6914851685874484,
            1.6846253515308738,
            1.6725191112257476,
            1.6614014175203111,
            1.662617759826856,
            1.649970442820818,
            1.6399322503652327,
            1.6296316711311667,
            1.630402217563401,
            1.6152358187569513,
            1.6017359097798665,
            1.590336331954369,
            1.588953693707784,
            1.5640483310079982,
            1.5483185654012566,
            1.5439123251499274,
            1.5298708993145542,
            1.5127099446761303,
            1.4936200400702975,
            1.480971058209737,
            1.4582828425953531,
            1.4426356421576605,
            1.4250111162153065,
            1.3969379632900922,
            1.3869903637812688,
            1.3439939990002885,
            1.3299543073034694,
            1.3040278365469387,
            1.278358027466342,
            1.2493876993146718,
            1.233805526016105,
            1.2089691559473674,
            1.1295274149658334,
            1.062365543638539,
            1.0452215931354425,
            1.034034608775734,
            1.0139304333262973,
            0.9989240999914643,
            0.9844997657669915
        ],
        "accuracy": [
            0.2690860331058502,
            0.3215053975582123,
            0.3404569923877716,
            0.3637096881866455,
            0.3661290407180786,
            0.3869623839855194,
            0.3934139907360077,
            0.40645161271095276,
            0.4114247262477875,
            0.4169355034828186,
            0.4231182932853699,
            0.4329301118850708,
            0.436962366104126,
            0.44852152466773987,
            0.44327956438064575,
            0.4474462568759918,
            0.46451613306999207,
            0.4649193584918976,
            0.4674731194972992,
            0.4725806415081024,
            0.48306453227996826,
            0.4856182932853699,
            0.4930107593536377,
            0.49865591526031494,
            0.5057795643806458,
            0.5084677338600159,
            0.5174731016159058,
            0.5272849798202515,
            0.5301075577735901,
            0.5380376577377319,
            0.5560483932495117,
            0.5715053677558899,
            0.5723118185997009,
            0.5866935849189758,
            0.5970430374145508,
            0.6112903356552124,
            0.6173387169837952,
            0.6341397762298584,
            0.6467742323875427,
            0.6645161509513855,
            0.6846774220466614,
            0.6927419304847717,
            0.7161290645599365,
            0.7314516305923462,
            0.749731183052063,
            0.765457034111023,
            0.7815860509872437,
            0.7946236729621887,
            0.8131720423698425,
            0.8677419424057007,
            0.9115591645240784,
            0.9221774339675903,
            0.9275537729263306,
            0.9400537610054016,
            0.9491935968399048,
            0.9541667103767395
        ]
    },
    "validation": {
        "loss": [
            1.9015467747663841,
            1.8729199904661913,
            1.8310269912083943,
            1.8535425387896025,
            1.8594847122828166,
            1.805281250904768,
            1.7731409072875977,
            1.7670560830678694,
            1.7320345640182495,
            1.7171897765917656,
            1.7110382685294518,
            1.7218281611418114,
            1.6961160531410804,
            1.7421688819542909,
            1.7424085965523353,
            1.7074738251857269,
            1.6665564133570745,
            1.704629292854896,
            1.6680706219795423,
            1.6446535403911884,
            1.7120042000061426,
            1.6877654974277203,
            1.6504106980103712,
            1.6288695610486543,
            1.6736929691754854,
            1.6453158580339873,
            1.6152123059981909,
            1.6392974028220544,
            1.643998072697566,
            1.6194803286821415,
            1.628419124163114,
            1.623710681230594,
            1.6006714625236316,
            1.645685076713562,
            1.5842493680807261,
            1.5569214881994786,
            1.5979669827681322,
            1.5995679635267992,
            1.5574736961951623,
            1.5479544340035853,
            1.5551179769711616,
            1.577756071702028,
            1.5558186586086566,
            1.588239767612555,
            1.6439440189263759,
            1.6026149896474986,
            1.5605103755608583,
            1.5862344014338958,
            1.6104102776600764,
            1.5628633468579023,
            1.5214519256200545,
            1.546858154810392,
            1.5630421546789317,
            1.5717046688764522,
            1.558735483731979,
            1.5449059101251454
        ],
        "accuracy": [
            0.33427420258522034,
            0.34637096524238586,
            0.38508063554763794,
            0.3560483753681183,
            0.3721774220466614,
            0.39758065342903137,
            0.38548386096954346,
            0.39677417278289795,
            0.40645161271095276,
            0.4286290109157562,
            0.42701610922813416,
            0.4209677278995514,
            0.4334677457809448,
            0.42419353127479553,
            0.4124999940395355,
            0.44516128301620483,
            0.47137096524238586,
            0.4556451439857483,
            0.46290323138237,
            0.47580644488334656,
            0.45040321350097656,
            0.4701612889766693,
            0.4725806415081024,
            0.48951610922813416,
            0.47056451439857483,
            0.47782257199287415,
            0.5048387050628662,
            0.48749998211860657,
            0.49395161867141724,
            0.49435484409332275,
            0.4959677457809448,
            0.5056451559066772,
            0.5209677219390869,
            0.4927419424057007,
            0.533467710018158,
            0.5423387289047241,
            0.5266128778457642,
            0.5354838371276855,
            0.5504032373428345,
            0.5556451678276062,
            0.5612903237342834,
            0.550000011920929,
            0.5754032135009766,
            0.5556451678276062,
            0.5249999761581421,
            0.5596774220466614,
            0.5814515948295593,
            0.5713709592819214,
            0.5548387169837952,
            0.5983870625495911,
            0.6197580695152283,
            0.614112913608551,
            0.5983870625495911,
            0.6096774339675903,
            0.61330646276474,
            0.6096774339675903
        ]
    },
    "hyperparams": {
        "learning_rate": 0.001,
        "weight_decay": 0.0002,
        "patience": 8,
        "message": "Momentum_0.4x2"
    }
}