{
    "train": {
        "loss": [
            1.955641242174002,
            1.8730688930576682,
            1.829207759637099,
            1.8076591542643359,
            1.775960272193974,
            1.7723076883544269,
            1.7356828991164508,
            1.71764658149491,
            1.6978497678398068,
            1.683702075583303,
            1.6852765388977833,
            1.6635136859029787,
            1.6486076157317202,
            1.653792004299979,
            1.644858017945901,
            1.6269691611966517,
            1.616061634487576,
            1.6166210072672265,
            1.6051564012837207,
            1.6069641520834377,
            1.5784051346982646,
            1.5902173386679754,
            1.5747766127953162,
            1.560622605503115,
            1.5490524340898564,
            1.5443127837955442,
            1.5427017976076176,
            1.5316303795219486,
            1.5161912441253662,
            1.4996162296360374,
            1.4844066892933643,
            1.484980005484361,
            1.468635604931758,
            1.445650233162774,
            1.4409273078298976,
            1.4208979413040683,
            1.4144884113572602,
            1.3983907669018476,
            1.3875506117812588,
            1.3643432376731155,
            1.3471983732321324,
            1.3257293854004297,
            1.326888490945865,
            1.2928248929162311,
            1.2699305807423389,
            1.2361324057619796,
            1.2192332530632997,
            1.1963956997944758,
            1.162568975208152,
            1.058420303540352,
            1.0183644101151035,
            0.9869809232206426,
            0.9850790261203407,
            0.9659896008988731,
            0.9522339589575417,
            0.9440497598077497,
            0.9398447901774676,
            0.9290410193622621,
            0.9130097775377779,
            0.9076827372241224,
            0.9093360024639684,
            0.9034464507021456,
            0.8968920233922127,
            0.8994106686013377,
            0.8948868808583317,
            0.8963568786270598,
            0.8961736733077937,
            0.9036677846541772,
            0.8978562813538772,
            0.8959983852174547,
            0.8904123825904651
        ],
        "accuracy": [
            0.2728494703769684,
            0.3059139847755432,
            0.3305107653141022,
            0.351881742477417,
            0.36666667461395264,
            0.3708333373069763,
            0.3936828076839447,
            0.39919355511665344,
            0.4069892466068268,
            0.4256720542907715,
            0.4208333492279053,
            0.4403225779533386,
            0.4443548619747162,
            0.44072580337524414,
            0.4399193525314331,
            0.4561828076839447,
            0.463172048330307,
            0.4635752737522125,
            0.46693548560142517,
            0.46223118901252747,
            0.47809141874313354,
            0.4797043204307556,
            0.4911290407180786,
            0.4926075339317322,
            0.49905914068222046,
            0.5045698881149292,
            0.5096774101257324,
            0.5110214948654175,
            0.5245968103408813,
            0.5354838967323303,
            0.551075279712677,
            0.5420699119567871,
            0.5517473220825195,
            0.5693548321723938,
            0.5717741847038269,
            0.5809139609336853,
            0.5836021900177002,
            0.5989247560501099,
            0.6060484051704407,
            0.6161290407180786,
            0.6301075220108032,
            0.6470430493354797,
            0.6413978338241577,
            0.6592742204666138,
            0.6809139847755432,
            0.6982526779174805,
            0.7090054154396057,
            0.7310484051704407,
            0.7451612949371338,
            0.8065860271453857,
            0.8338710069656372,
            0.8505376577377319,
            0.8533602356910706,
            0.8668010830879211,
            0.8680107593536377,
            0.8801075220108032,
            0.8767473101615906,
            0.8819892406463623,
            0.8950269222259521,
            0.8961021900177002,
            0.8961021900177002,
            0.9008064866065979,
            0.9009408950805664,
            0.8965054154396057,
            0.9067204594612122,
            0.90241938829422,
            0.90241938829422,
            0.9000000357627869,
            0.9014785289764404,
            0.9017473459243774,
            0.9065860509872437
        ]
    },
    "validation": {
        "loss": [
            1.9446765062136528,
            1.8787575960159302,
            1.7894991391744368,
            1.8236084412305782,
            1.7543879258326995,
            1.7324347954529982,
            1.6942213101264758,
            1.7179072514558449,
            1.6822903492511847,
            1.74199155660776,
            1.6580907595463288,
            1.6451344642883692,
            1.7069758849266248,
            1.6573049013431256,
            1.6016674164013984,
            1.6505029782270775,
            1.5851385807379699,
            1.5961539164567604,
            1.5830519138238368,
            1.5906405265514667,
            1.6075379451115925,
            1.5993123543568146,
            1.5887869168550541,
            1.5323902093447173,
            1.5634246208728888,
            1.5896117687225342,
            1.520854237752083,
            1.5195970413012383,
            1.5386676360399296,
            1.5226265742228582,
            1.5159044296313555,
            1.5547257019923284,
            1.5294528679969983,
            1.4959569527552679,
            1.467771896949181,
            1.4763928529543755,
            1.5325767474296765,
            1.463021376194098,
            1.5190102656682332,
            1.5361257638686743,
            1.4704619370974028,
            1.5162254602481158,
            1.4499682310299995,
            1.499809314043094,
            1.4611631265053382,
            1.4512803646234365,
            1.4805188668079865,
            1.4600479022050514,
            1.4785113487488184,
            1.3836834338995128,
            1.3841687532571645,
            1.3721172717901378,
            1.3687505232982147,
            1.3807526796292036,
            1.3728198424363747,
            1.3851372798283894,
            1.3809330616241846,
            1.379305124282837,
            1.3861240729307518,
            1.3785903545526357,
            1.3765109441219232,
            1.3870100791637714,
            1.3826041924647796,
            1.3704850306877723,
            1.3831922793999696,
            1.382727678005512,
            1.3714333528127425,
            1.3844898174970577,
            1.378712195616502,
            1.3863146243951259,
            1.3791629687333717
        ],