{
    "train": {
        "loss": [
            1.968560569306724,
            1.8888660434983735,
            1.8539643358980489,
            1.8277513288025162,
            1.816843722620581,
            1.7964391015533707,
            1.782957927793519,
            1.7711221896685088,
            1.7570788575033855,
            1.7490316924885807,
            1.7358111621987107,
            1.7257349766217744,
            1.7231790459054148,
            1.7065036449676905,
            1.7139063441855276,
            1.6791980979789016,
            1.672630197981484,
            1.6646808528492594,
            1.6549212851076045,
            1.6421118770909107,
            1.6340619458092585,
            1.5992619573560536,
            1.5949660661893013,
            1.5621523113332243,
            1.5329769849777222,
            1.51371823824369,
            1.493689648106567,
            1.4569239840548263,
            1.406963052912655,
            1.3835495211120346,
            1.348197729159624,
            1.3003249942746937,
            1.276458228755201,
            1.2337161883329735,
            1.203951997634692,
            1.1958693337236714,
            1.17430636821649,
            1.138206530839969,
            1.1174798572165334
        ],
        "accuracy": [
            0.2919355034828186,
            0.3385752737522125,
            0.3587365746498108,
            0.3767473101615906,
            0.3814516067504883,
            0.3907258212566376,
            0.3965053856372833,
            0.4033602178096771,
            0.41344088315963745,
            0.4282258152961731,
            0.42715054750442505,
            0.436962366104126,
            0.44099462032318115,
            0.44569894671440125,
            0.4474462568759918,
            0.45537635684013367,
            0.46411290764808655,
            0.47553765773773193,
            0.48991936445236206,
            0.49852150678634644,
            0.5094085931777954,
            0.5303763747215271,
            0.5275537967681885,
            0.5606182813644409,
            0.5778225660324097,
            0.5946236848831177,
            0.6111559271812439,
            0.6362903118133545,
            0.6684139966964722,
            0.6895161271095276,
            0.7095430493354797,
            0.7456989288330078,
            0.761424720287323,
            0.7852150797843933,
            0.8047043085098267,
            0.8146505355834961,
            0.8243279457092285,
            0.8454301357269287,
            0.8579301238059998
        ]
    },
    "validation": {
        "loss": [
            1.895719873599517,
            1.8250675201416016,
            1.7789071125861926,
            1.9425874184339473,
            1.8111431782062237,
            1.7590069679113536,
            1.7402846904901357,
            1.7354444387631538,
            1.7221510074077508,
            1.6983697292132256,
            1.718395560215681,
            1.7387561492430859,
            1.6936469353162324,
            1.7301983130283844,
            1.669278661410014,
            1.695647731805459,
            1.6901527918302095,
            1.6906633468774648,
            1.704822573906336,
            1.666117081275353,
            1.7447377198781722,
            1.6940907270480425,
            1.6757246041909242,
            1.6749237042206984,
            1.6922588929151878,
            1.6925891087605403,
            1.7119155449744983,
            1.7020677022444897,
            1.7237594525019329,
            1.8158662227483897,
            1.7612453057215764,
            1.7625895891434107,
            1.7728464970221887,
            1.7932923634847004,
            1.8203842792755518,
            1.8244853508778107,
            1.8248335123062134,
            1.8607399249688172,
            1.8344353895920973
        ],
        "accuracy": [
            0.3427419364452362,
            0.3705645203590393,
            0.3987903296947479,
            0.3245967626571655,
            0.38064515590667725,
            0.4100806415081024,
            0.4193548262119293,
            0.4124999940395355,
            0.4286290109157562,
            0.43830645084381104,
            0.44072580337524414,
            0.4209677278995514,
            0.4625000059604645,
            0.41088709235191345,
            0.4584677219390869,
            0.44274193048477173,
            0.4512096643447876,
            0.46411290764808655,
            0.43387097120285034,
            0.4608871042728424,
            0.43387097120285034,
            0.4487903118133545,
            0.47338709235191345,
            0.46693548560142517,
            0.4560483694076538,
            0.4749999940395355,
            0.460080623626709,
            0.4584677219390869,
            0.45201611518859863,
            0.4330645203590393,
            0.45201611518859863,
            0.44556450843811035,
            0.45725804567337036,
            0.44596773386001587,
            0.43629032373428345,
            0.45040321350097656,
            0.4334677457809448,
            0.4415322542190552,
            0.4612903296947479
        ]
    },
    "hyperparams": {
        "learning_rate": 0.00075,
        "weight_decay": 0.001,
        "patience": 100
    }
}