{
    "train": {
        "loss": [
            2.0311818815704084
        ],
        "accuracy": [
            0.27244624495506287
        ]
    },
    "validation": {
        "loss": [
            1.9440926374533238
        ],
        "accuracy": [
            0.3169354796409607
        ]
    },
    "hyperparams": {
        "learning_rate": 0.001,
        "weight_decay": 0,
        "patience": 7,
        "momentum_bn2": 0.2,
        "labelsmooth": 0.25,
        "filename": null
    }
}