{
    "train": {
        "loss": [
            1.9922189192894177,
            1.8716453782513611,
            1.8318033911224105,
            1.8117993591178176,
            1.7855816773879223,
            1.7612925360345433,
            1.7484469362813184,
            1.7273079014232016,
            1.7125961128463092,
            1.705668851860568,
            1.6869588621661193,
            1.6819611288543441,
            1.672878101340726,
            1.6443842272473197,
            1.6310280357670581,
            1.6172768040599985,
            1.591408138601189,
            1.5657098955578275,
            1.5484250855242085,
            1.5219451667916062,
            1.4852675688572419,
            1.46138639939137,
            1.3654936653936012,
            1.3208434357602372,
            1.2988821981299636,
            1.261730887950995,
            1.263583417631622,
            1.2315414980945425,
            1.209754294819302,
            1.1956235608483992,
            1.191151421294253,
            1.190403293340634,
            1.183146562331762,
            1.185347302347167,
            1.1776851018269856
        ],
        "accuracy": [
            0.29032257199287415,
            0.3489247262477875,
            0.3723118305206299,
            0.3790322542190552,
            0.4028225839138031,
            0.40833333134651184,
            0.4172043204307556,
            0.43185484409332275,
            0.44086021184921265,
            0.4491935670375824,
            0.4583333432674408,
            0.47123655676841736,
            0.47594088315963745,
            0.500268816947937,
            0.5041666626930237,
            0.5227150917053223,
            0.5380376577377319,
            0.5576612949371338,
            0.5665322542190552,
            0.5931451916694641,
            0.6114247441291809,
            0.6319892406463623,
            0.7001343965530396,
            0.7361559271812439,
            0.7438172101974487,
            0.7752688527107239,
            0.7745968103408813,
            0.7961021661758423,
            0.8072580695152283,
            0.8168010711669922,
            0.8166666626930237,
            0.8198924660682678,
            0.82822585105896,
            0.823118269443512,
            0.8297043442726135
        ]
    },
    "validation": {
        "loss": [
            1.8477630370702498,
            1.8140151439568934,
            1.792246754352863,
            1.7386363439070873,
            1.7478225047771747,
            1.7273718088101118,
            1.7113292278387608,
            1.6940422577735705,
            1.6810012291639278,
            1.6788912583620121,
            1.6577866169122548,
            1.6842390696207683,
            1.6552259891461103,
            1.6571190693439581,
            1.6977751285601885,
            1.6458539748803163,
            1.6849755904613397,
            1.6640401406165881,
            1.6688727690623357,
            1.6766311052518013,
            1.6945675886594331,
            1.6900869791324322,
            1.636827560571524,
            1.6492494956040993,
            1.6464024507082426,
            1.6537850942367163,
            1.662034979233375,
            1.6718979401466174,
            1.6784300406773884,
            1.6674400506875453,
            1.6723473438849816,
            1.6721456539936554,
            1.6694524807807727,
            1.6720799391086285,
            1.6711184489421356
        ],
        "accuracy": [
            0.3584677278995514,
            0.3568548262119293,
            0.38548386096954346,
            0.41491934657096863,
            0.4092741906642914,
            0.42661288380622864,
            0.4302419424057007,
            0.4512096643447876,
            0.4580644965171814,
            0.4612903296947479,
            0.4604838490486145,
            0.46169355511665344,
            0.4717741906642914,
            0.4810483753681183,
            0.4532257914543152,
            0.4673387110233307,
            0.4516128897666931,
            0.4721774160861969,
            0.48467740416526794,
            0.4786290228366852,
            0.46653226017951965,
            0.4721774160861969,
            0.49879032373428345,
            0.5032258033752441,
            0.5032258033752441,
            0.49637097120285034,
            0.5012096762657166,
            0.49395161867141724,
            0.4907257854938507,
            0.4975806474685669,
            0.49879032373428345,
            0.49153223633766174,
            0.5004032254219055,
            0.5048387050628662,
            0.4927419424057007
        ]
    },
    "hyperparams": {
        "learning_rate": 0.0005,
        "weight_decay": 0.001,
        "patience": 5
    }
}