{
    "train": {
        "loss": [
            1.9519566654140115
        ],
        "accuracy": [
            0.26948925852775574
        ]
    },
    "validation": {
        "loss": [
            1.8983529041974971
        ],
        "accuracy": [
            0.24354837834835052
        ]
    },
    "hyperparams": {
        "learning_rate": 0.001,
        "weight_decay": 0,
        "patience": 5
    }
}