{
    "train": {
        "loss": [
            1.9707942742567797,
            1.895212107234531,
            1.8683804538514879,
            1.826209562456506,
            1.8125540282991197,
            1.797491897884597,
            1.7785237507942395,
            1.7640863157745101,
            1.745915596301739,
            1.7465760300302098
        ],
        "accuracy": [
            0.3081989288330078,
            0.338172048330307,
            0.35793012380599976,
            0.37836021184921265,
            0.38588711619377136,
            0.39435485005378723,
            0.40819892287254333,
            0.4102150499820709,
            0.42459678649902344,
            0.42500001192092896
        ]
    },
    "validation": {
        "loss": [
            1.9414859887881157,
            1.8951079478630652,
            1.9112147918114295,
            1.814686772150871,
            1.7718939658923027,
            1.885578106611203,
            1.7993645178966033,
            1.70958167161697,
            1.7914263223990416,
            1.8698805631735387
        ],
        "accuracy": [
            0.31854838132858276,
            0.3326612710952759,
            0.3358871042728424,
            0.36209675669670105,
            0.4024193584918976,
            0.3443548381328583,
            0.3774193525314331,
            0.4302419424057007,
            0.3931451439857483,
            0.3911290168762207
        ]
    },
    "hyperparams": {
        "learning_rate": 0.001,
        "weight_decay": 0.0002,
        "patience": 7
    }
}