{
    "train": {
        "loss": [
            0.48054582339066726,
            0.4574370575256837,
            0.45499245886109835,
            0.45144229032035565,
            0.4487537092123276,
            0.446952640500843,
            0.44551532161541474,
            0.443734961697179,
            0.44185826080477136,
            0.4404845691134787,
            0.4375226765106886,
            0.4357531957137279,
            0.4342428710725572,
            0.4315394547759977,
            0.4288609178147764,
            0.42449762449305284,
            0.42150585289694303,
            0.41706295833628404,
            0.41058222987712956,
            0.4053117288992955,
            0.39952632224457896,
            0.38304518532549214,
            0.37632446207551873,
            0.37133311257403123,
            0.3689607705315973
        ],
        "accuracy": [
            0.301612913608551,
            0.3516128957271576,
            0.363844096660614,
            0.37620967626571655,
            0.40631720423698425,
            0.4124999940395355,
            0.41841399669647217,
            0.4334677457809448,
            0.4451613128185272,
            0.4518817365169525,
            0.474059134721756,
            0.48723119497299194,
            0.500806450843811,
            0.5205645561218262,
            0.5375000238418579,
            0.5686827898025513,
            0.5825269222259521,
            0.6087365746498108,
            0.6455645561218262,
            0.6711021661758423,
            0.7041667103767395,
            0.7866935729980469,
            0.8212365508079529,
            0.8384408950805664,
            0.8525537848472595
        ]
    },
    "validation": {
        "loss": [
            0.4621003927328648,
            0.4531231629542815,
            0.4562836503371214,
            0.4486928429359045,
            0.4471841622621585,
            0.4502487694605803,
            0.44407760867705715,
            0.4432073892691197,
            0.4419773648946713,
            0.4404634642295348,
            0.4386091935328948,
            0.44310929836371005,
            0.4381281297940474,
            0.4391806347247882,
            0.4353370101023943,
            0.4385038033509866,
            0.43831270398237765,
            0.44211870661148656,
            0.4374890044713632,
            0.44119521058522737,
            0.4430250624815623,
            0.43607078683681977,
            0.4374739963274736,
            0.4391684646789844,
            0.4401217737259009
        ],
        "accuracy": [
            0.34354838728904724,
            0.38104838132858276,
            0.37338709831237793,
            0.40201613306999207,
            0.4100806415081024,
            0.3907257914543152,
            0.40403226017951965,
            0.4213709533214569,
            0.448387086391449,
            0.4403225779533386,
            0.4564515948295593,
            0.4379032254219055,
            0.4604838490486145,
            0.4608871042728424,
            0.48024192452430725,
            0.4717741906642914,
            0.4721774160861969,
            0.46854838728904724,
            0.4887096583843231,
            0.4903225600719452,
            0.45927417278289795,
            0.5048387050628662,
            0.5096774101257324,
            0.5076612830162048,
            0.5169354677200317
        ]
    },
    "hyperparams": {
        "learning_rate": 0.001,
        "weight_decay": 1e-05,
        "patience": 5
    }
}