{
    "train": {
        "loss": [
            1.9501904697499723,
            1.845368915134006,
            1.8025641166246855,
            1.7679708819104056,
            1.7559268321746435,
            1.7248743527974837,
            1.6889082967725575,
            1.6690911217632456,
            1.6612542358219113,
            1.650822523312691,
            1.6243180382964957,
            1.6088486003060627,
            1.6029098013527372,
            1.5858091126140366,
            1.580478082355271,
            1.5614744384064634,
            1.546049419631306,
            1.5449647720043476,
            1.5289588759088109,
            1.5185002251568003,
            1.5031377443900475,
            1.5031818212606969,
            1.4839380245942335,
            1.4813550832944038,
            1.47036917698689,
            1.4485613311457837,
            1.4398681098579342,
            1.4212721280562572,
            1.4169355050111427,
            1.393971440119621,
            1.3905399956254878,
            1.3677244634709806,
            1.3597882374739036,
            1.3439841800265842,
            1.3419694788435585,
            1.3254017228754158,
            1.3089860850929196,
            1.2755056548322368,
            1.2619067878804655,
            1.2400694137964494,
            1.2318615607726269,
            1.1765522335329626,
            1.166118449634976,
            1.1374207200148168,
            1.1027930710050795,
            1.0703973775236015,
            1.0478265030771239,
            1.0155669899068327,
            0.976134228400695,
            0.8580160258162735,
            0.7968243065043392,
            0.7785901106320895,
            0.7697314069821284,
            0.7592303187419207,
            0.7464165229063767,
            0.7349109756640899,
            0.7194093501465952,
            0.7051661839851966,
            0.7030884975042099,
            0.7062905761930678,
            0.703547255605714,
            0.6925309055890793,
            0.6963057512910957,
            0.6877353833271906
        ],
        "accuracy": [
            0.27231183648109436,
            0.3221774399280548,
            0.327016144990921,
            0.3499999940395355,
            0.35752689838409424,
            0.3705645203590393,
            0.3767473101615906,
            0.3932795822620392,
            0.39946237206459045,
            0.40591397881507874,
            0.412365585565567,
            0.4276881814002991,
            0.42715054750442505,
            0.43373656272888184,
            0.44126343727111816,
            0.4416666626930237,
            0.452016144990921,
            0.4563172161579132,
            0.47137096524238586,
            0.4633064568042755,
            0.4817204475402832,
            0.4814516305923462,
            0.48763442039489746,
            0.4926075339317322,
            0.49919354915618896,
            0.5056451559066772,
            0.5131720304489136,
            0.5245968103408813,
            0.5288978815078735,
            0.539650559425354,
            0.538844108581543,
            0.5581989288330078,
            0.5696236491203308,
            0.5725806355476379,
            0.5776881575584412,
            0.5814516544342041,
            0.5978494882583618,
            0.6067204475402832,
            0.6216397881507874,
            0.6330645084381104,
            0.6411290168762207,
            0.6732527017593384,
            0.6713709831237793,
            0.6985214948654175,
            0.715725839138031,
            0.7306451797485352,
            0.7434139847755432,
            0.7639784812927246,
            0.7798387408256531,
            0.8533602356910706,
            0.8870968222618103,
            0.8951613306999207,
            0.8987903594970703,
            0.9057796001434326,
            0.9126344323158264,
            0.9137097001075745,
            0.92580646276474,
            0.9311828017234802,
            0.9298387169837952,
            0.9298387169837952,
            0.9330645203590393,
            0.9342741966247559,
            0.938306450843811,
            0.9370967745780945
        ]
    },
    "validation": {
        "loss": [
            1.803093216358087,
            1.7509575226368048,
            1.7374143783862774,
            1.7039929169874926,
            1.7246361512404222,
            1.670331976352594,
            1.6416912323389299,
            1.6417290247403657,
            1.584521235563816,
            1.5934599668551714,
            1.5628471955274925,
            1.5812710798703706,
            1.5705335996089838,
            1.5585724543302486,
            1.5529244985335913,
            1.5775305063296587,
            1.585172998599517,
            1.4878717202406664,
            1.4871858541782086,
            1.5342595454974053,
            1.4938922081238184,
            1.46177810889024,
            1.4523783249732776,
            1.4778278638155034,
            1.454689233731001,
            1.4211896871909118,
            1.4026925991743038,
            1.4109810132246752,
            1.4309516594960139,
            1.3974485458471837,
            1.3939858094239845,
            1.4894866545995076,
            1.418552768536103,
            1.4220763078102698,
            1.3913224507600834,
            1.3551438863460834,
            1.362654603444613,
            1.3619663348564734,
            1.3530016801296136,
            1.361318900034978,
            1.3729978310756195,
            1.3839192482141347,
            1.3363364445857513,
            1.3877465724945068,
            1.3520422807106605,
            1.3483742506076128,
            1.337742472306276,
            1.3691525703821428,
            1.375510377761645,
            1.2598617183856475,
            1.2544622421264648,
            1.2668173771638136,
            1.2647717182452862,
            1.2602624556957147,
            1.2552925378848345,
            1.2563921427115416,
            1.2588939468065898,
            1.2538944467520103,
            1.2665432477608705,
            1.2580177432451494,
            1.2631620581333454,
            1.26241930325826,
            1.2617000249715953,
            1.2571553817162147
        ],