{
    "train": {
        "loss": [
            1.9521376597575653,
            1.8535346078057575,
            1.834134295455411,
            1.8013030738912077,
            1.779767828109937,
            1.7547411195233338,
            1.7446424186739147,
            1.720805926200671,
            1.708492336110172,
            1.701774268068819,
            1.6807199339581351,
            1.6744493266456149,
            1.66843649566683,
            1.6519462685299735,
            1.639727868585505,
            1.6387796860474806,
            1.6215763051285703,
            1.628521943703676,
            1.6235646111333473,
            1.6079047459822435,
            1.6011018763240585,
            1.588145636085771,
            1.5739895288760846,
            1.5752235712149205,
            1.565089158522777,
            1.557357991862501,
            1.5513468155494103,
            1.5415540454734085,
            1.5407142853125548,
            1.5222159654666216,
            1.5162239380371876,
            1.5015306686743712,
            1.4959203116914146,
            1.4805656803978815,
            1.4724447085307195,
            1.4589302743602002,
            1.446191735756703,
            1.4454660853769026,
            1.4335960557318141,
            1.4148655416619065,
            1.3967449583558955,
            1.3847891082111587,
            1.3812315779873447,
            1.3627083719286144,
            1.3498525191576054,
            1.3326498514566667,
            1.322752322906103,
            1.290968455820002,
            1.2804735471040776,
            1.2570537522307828,
            1.2537206533627632,
            1.2223363269088614,
            1.211978899108039,
            1.110474522297199,
            1.064371103914375,
            1.04084464118012,
            1.0196539525292878,
            1.009824058948419,
            1.0029963127568238,
            0.9873004362114475,
            0.9922199967579964,
            0.9654239920469431,
            0.9636354675659766,
            0.9632351108086414,
            0.9675035471590157,
            0.9610443008251679,
            0.9590946064036117,
            0.9596637869492556,
            0.9615255247833382,
            0.9591328486418113,
            0.956177008457673,
            0.9593889453472235,
            0.9565976628890405
        ],
        "accuracy": [
            0.2821236550807953,
            0.3217742145061493,
            0.3383064568042755,
            0.3588709831237793,
            0.37123656272888184,
            0.3793010711669922,
            0.3798387050628662,
            0.39919355511665344,
            0.4119623601436615,
            0.41061827540397644,
            0.4331989288330078,
            0.4231182932853699,
            0.43131721019744873,
            0.44395163655281067,
            0.44301074743270874,
            0.44798389077186584,
            0.4563172161579132,
            0.4538978636264801,
            0.45510753989219666,
            0.4630376398563385,
            0.47284945845603943,
            0.47298386693000793,
            0.48064517974853516,
            0.4798387289047241,
            0.4913978576660156,
            0.5026881694793701,
            0.49663978815078735,
            0.5048387050628662,
            0.5153225660324097,
            0.5244624018669128,
            0.5325269103050232,
            0.5349462628364563,
            0.5357527136802673,
            0.5528225898742676,
            0.5553763508796692,
            0.5659946203231812,
            0.5709677338600159,
            0.5716397762298584,
            0.5776881575584412,
            0.5892473459243774,
            0.5983871221542358,
            0.6063172221183777,
            0.6184139847755432,
            0.6217741966247559,
            0.6350806355476379,
            0.6389784812927246,
            0.6493279933929443,
            0.6733871102333069,
            0.6744623780250549,
            0.698655903339386,
            0.6979838609695435,
            0.7090054154396057,
            0.7192204594612122,
            0.7813172340393066,
            0.8138440847396851,
            0.8232526779174805,
            0.8356183171272278,
            0.8365591764450073,
            0.8459677696228027,
            0.8538978695869446,
            0.8545699119567871,
            0.8670699000358582,
            0.8673387169837952,
            0.8659946322441101,
            0.864112913608551,
            0.8709677457809448,
            0.8712365627288818,
            0.8690860271453857,
            0.8688172101974487,
            0.8725806474685669,
            0.8740591406822205,
            0.8694892525672913,
            0.8719086050987244
        ]
    },
    "validation": {
        "loss": [
            1.932319158162826,
            1.8556949175321138,
            1.8330507981471527,
            1.7774595878063104,
            1.7608195207057855,
            1.7307291183716211,
            1.7149622837702434,
            1.7580173321259327,
            1.6921699138788076,
            1.6448811537180192,
            1.695390135813982,
            1.680535655755263,
            1.6546770120278382,
            1.7386787763008704,
            1.6558313705982306,
            1.6182729189212506,
            1.6675508419672649,
            1.596311214642647,
            1.6463497510323157,
            1.5824226630039704,
            1.6083300419342823,
            1.60122484427232,
            1.575387899692242,
            1.5494717328976362,
            1.5701484038279607,
            1.5907989618105767,
            1.571268509595822,
            1.5435669085918329,
            1.5459065834681194,
            1.5176735352247188,
            1.530364195505778,
            1.5046839041587634,
            1.5296965409547856,
            1.5071187630677834,
            1.505482826477442,
            1.4980433415143917,
            1.500934484677437,
            1.4960398857410138,
            1.4950801256375434,
            1.4757569997738569,
            1.4695686804942596,
            1.5137171775866778,
            1.5223020162337866,
            1.4659791328968146,
            1.468840819138747,
            1.4582910812818086,
            1.4488827937688582,
            1.5191767643659542,
            1.4955520018553123,
            1.4549763752863958,
            1.4923642537532709,
            1.5074315621302679,
            1.489582190146813,
            1.3892242786211846,
            1.3718163264103425,
            1.3872427665270293,
            1.390660625237685,
            1.393846841958853,
            1.3782747983932495,
            1.3996585729794624,
            1.4142340941306872,
            1.4032977697176812,
            1.400654401534643,
            1.3874157728293004,
            1.4013920686183832,
            1.3893107787156715,
            1.3959313997855554,
            1.3964521976617665,
            1.3994923830032349,
            1.3992703327765832,
            1.395246426264445,
            1.3943420831973736,
            1.3899979499670176
        ],