{
    "train": {
        "loss": [
            1.9837896273686335,
            1.889141026725117,
            1.8530309027076786,
            1.8281032060965514,
            1.795257084390037,
            1.7682396102155375,
            1.7466140455669827,
            1.7253493406833746,
            1.7120972484604926,
            1.6824551301124768,
            1.6703325183982523,
            1.6449091638255322,
            1.6321894908562684,
            1.6019957157281728,
            1.5802268360415075,
            1.5617566842299242,
            1.5244941905013516,
            1.4891021282244952,
            1.4677779694907687,
            1.4262523488101797,
            1.3865081245063717,
            1.359351646186959,
            1.3306794115620801,
            1.28658624082549,
            1.201462589777433,
            1.1753541475687272,
            1.1612162528893886,
            1.1426887614095314,
            1.1383352218530116
        ],
        "accuracy": [
            0.2939516305923462,
            0.34341397881507874,
            0.36196237802505493,
            0.37661290168762207,
            0.3935483992099762,
            0.40376344323158264,
            0.42930108308792114,
            0.437231183052063,
            0.44274193048477173,
            0.45725807547569275,
            0.4798387289047241,
            0.49408602714538574,
            0.5077956914901733,
            0.5314516425132751,
            0.5491935610771179,
            0.5548387169837952,
            0.5876344442367554,
            0.6122311949729919,
            0.6305107474327087,
            0.6538978815078735,
            0.687768816947937,
            0.7021505236625671,
            0.7227150797843933,
            0.7518817186355591,
            0.8083333373069763,
            0.8248655796051025,
            0.8361559510231018,
            0.8470430374145508,
            0.8559139966964722
        ]
    },
    "validation": {
        "loss": [
            1.8609293301900227,
            1.8357857037813237,
            1.8051723364071968,
            1.7642971674601238,
            1.7701759430078359,
            1.7213560373355181,
            1.7085513976904063,
            1.7045041475540552,
            1.6815493565339308,
            1.6910493801801632,
            1.6660777574930437,
            1.696482838728489,
            1.6444979050220587,
            1.6702964917207375,
            1.717854612912887,
            1.6777292581704946,
            1.686327955661676,
            1.6741912945722923,
            1.6684593298496344,
            1.6895999847314296,
            1.7227144271899493,
            1.7635498230273907,
            1.7157729466756184,
            1.7394840809015126,
            1.71653697735224,
            1.7185185903157942,
            1.7158086055364363,
            1.737737346918155,
            1.7285969501886613
        ],
        "accuracy": [
            0.34959676861763,
            0.3580645024776459,
            0.35241934657096863,
            0.3983871042728424,
            0.41532257199287415,
            0.41814514994621277,
            0.4286290109157562,
            0.4403225779533386,
            0.45040321350097656,
            0.45685482025146484,
            0.47137096524238586,
            0.4508064389228821,
            0.48951610922813416,
            0.4633064568042755,
            0.4447580575942993,
            0.47580644488334656,
            0.4838709533214569,
            0.48629030585289,
            0.4951612949371338,
            0.47741934657096863,
            0.46612903475761414,
            0.47056451439857483,
            0.4842741787433624,
            0.4766128957271576,
            0.4899193346500397,
            0.49475806951522827,
            0.4971774220466614,
            0.4931451678276062,
            0.4975806474685669
        ]
    },
    "hyperparams": {
        "learning_rate": 0.0005,
        "weight_decay": 1e-05,
        "patience": 10
    }
}