{
    "train": {
        "loss": [
            2.011500998439952,
            1.93397931359772,
            1.911349253776746,
            1.9011185658283722,
            1.8704597848093407,
            1.856914948194455,
            1.8411543766657512,
            1.8352233925436297,
            1.813311586013207,
            1.8116692019324017,
            1.7972899074228401,
            1.795700197545891,
            1.7869877519770565,
            1.774036746758681,
            1.776596984292707,
            1.7567591779252403,
            1.7526794009738498,
            1.7441008162294698,
            1.7363056667849548,
            1.7335029524615688,
            1.7269253598319159,
            1.7193738364765787,
            1.706640118207687,
            1.7118700253657806,
            1.691127312489045,
            1.6792015061419234,
            1.6755671918901622,
            1.6645318595772116,
            1.664104322082976,
            1.6527013870385976,
            1.6487878805551774,
            1.6323754950466318,
            1.6229590167347183,
            1.6100631697565062,
            1.5945825087718475,
            1.5860508955441988,
            1.5640288835916765,
            1.5731612321658013,
            1.5474107183961787,
            1.5273863963591747,
            1.5141909479076028,
            1.4439189138575497,
            1.3982301318747365,
            1.379572839818449,
            1.3732060846100507,
            1.36004074007018,
            1.3492630934103942,
            1.3415667032584166,
            1.3387927275437574,
            1.3235265108255239,
            1.3217388697159596,
            1.314765730474749,
            1.3027359491739519,
            1.2918881453000581,
            1.2884914233134344,
            1.2870007845071645,
            1.28381566512279,
            1.2859528207371378,
            1.2819949633035905,
            1.2918754163970294,
            1.2812620808935573,
            1.2818977302975125,
            1.2847396491939187,
            1.2905916332179665
        ],
        "accuracy": [
            0.28534945845603943,
            0.32768818736076355,
            0.3447580635547638,
            0.3516128957271576,
            0.3751344084739685,
            0.38077956438064575,
            0.3936828076839447,
            0.39247313141822815,
            0.41088709235191345,
            0.4150537848472595,
            0.42473119497299194,
            0.4196236729621887,
            0.4346774220466614,
            0.43669354915618896,
            0.4426075220108032,
            0.46424731612205505,
            0.4670698940753937,
            0.46236559748649597,
            0.4716397821903229,
            0.4751344323158264,
            0.4795699119567871,
            0.49435484409332275,
            0.500537633895874,
            0.489112913608551,
            0.5157257914543152,
            0.5168010592460632,
            0.5241935849189758,
            0.5322580933570862,
            0.5325269103050232,
            0.5361559391021729,
            0.5491935610771179,
            0.5493279695510864,
            0.5688171982765198,
            0.5783601999282837,
            0.5885753035545349,
            0.5931451916694641,
            0.6115591526031494,
            0.6108871102333069,
            0.6211021542549133,
            0.642876386642456,
            0.6553763747215271,
            0.7030913829803467,
            0.7428763508796692,
            0.7576612830162048,
            0.7595430016517639,
            0.7721774578094482,
            0.7728495001792908,
            0.7829301357269287,
            0.7811828255653381,
            0.7990591526031494,
            0.8004032373428345,
            0.8051075339317322,
            0.8168010711669922,
            0.8255376219749451,
            0.8255376219749451,
            0.824731171131134,
            0.8275538086891174,
            0.829032301902771,
            0.8318548798561096,
            0.8251343965530396,
            0.8271505832672119,
            0.8268817663192749,
            0.823655903339386,
            0.823118269443512
        ]
    },
    "validation": {
        "loss": [
            1.9508377588712251,
            1.9065834834025457,
            1.9007679743644519,
            1.8661924784000103,
            1.8529512973932118,
            1.824061977557647,
            1.8481998046239216,
            1.8496302702488043,
            1.816612375088227,
            1.8160400360058515,
            1.774202545483907,
            1.7574110397925744,
            1.8149412656441712,
            1.7975980777006884,
            1.747306845127008,
            1.748042678221678,
            1.781049138460404,
            1.7444574527251415,
            1.747164710974082,
            1.7071341092769916,
            1.7189243206611047,
            1.7532201974819868,
            1.7203900936322334,
            1.7180505226819942,
            1.6814511617024739,
            1.6904767690560756,
            1.6995262335508297,
            1.6576539889360085,
            1.687162044720772,
            1.6860448091458051,
            1.6826751721210969,
            1.6542146878364758,
            1.6817117012464082,
            1.652251307780926,
            1.6244357426961262,
            1.6261589832794971,
            1.6381815274556477,
            1.6497864998303926,
            1.6489092325552916,
            1.6343968434211535,
            1.6425630098734147,
            1.570149152706831,
            1.5786961439328315,
            1.5710189678730109,
            1.5771223153823462,
            1.565644389543778,
            1.5737923139180892,
            1.573713379028516,
            1.5689374055617895,
            1.571070304283729,
            1.5737592898882353,
            1.576236911309071,
            1.570563643406599,
            1.570353471315824,
            1.5770611610168066,
            1.5706224961158557,
            1.5690757922637157,
            1.5757161103762114,
            1.5746454550669744,
            1.5852965269333277,
            1.5728614574823625,
            1.5768468960737572,
            1.5690243274737627,
            1.570798785258562
        ],