{
    "train": {
        "loss": [
            2.086261148126716,
            1.9473019705878363,
            1.8872957168481288,
            1.8493834937739575,
            1.815777553452386,
            1.7834137820789957,
            1.755577142422016,
            1.740256211696527,
            1.7157679144133868,
            1.6924176154992518,
            1.6601599037137806,
            1.6283705285471728,
            1.6164486805597942,
            1.5750460288463495,
            1.5351521408456004,
            1.5008114759738629,
            1.468025776056143,
            1.4190387848096015,
            1.3892927343009884,
            1.3445249592137134,
            1.321489157839718,
            1.2789715487732847,
            1.2429938428422325,
            1.1945794932862632,
            1.1673648764944484,
            1.1128783236202011
        ],
        "accuracy": [
            0.2405914068222046,
            0.3170698881149292,
            0.3446236550807953,
            0.3677419424057007,
            0.3872312009334564,
            0.4049731194972992,
            0.42728495597839355,
            0.4330645203590393,
            0.45040324330329895,
            0.46693548560142517,
            0.4958333373069763,
            0.5143817067146301,
            0.528763473033905,
            0.5615591406822205,
            0.5954301357269287,
            0.6215053796768188,
            0.6465054154396057,
            0.6815860271453857,
            0.6938171982765198,
            0.7280914187431335,
            0.7477150559425354,
            0.7760753035545349,
            0.7965053915977478,
            0.830107569694519,
            0.8474462628364563,
            0.8854838609695435
        ]
    },
    "validation": {
        "loss": [
            1.9314467968084874,
            1.8599483997393877,
            1.8073821679139748,
            1.7777728759325468,
            1.7464452278919709,
            1.7188206819387584,
            1.729948211938907,
            1.7662073312661586,
            1.716350909991142,
            1.6796528467765222,
            1.6678045285053742,
            1.6884863621149309,
            1.6727734192823753,
            1.6532766238237038,
            1.68609064970261,
            1.6854359522843971,
            1.6861864970280573,
            1.7011889524948902,
            1.729066619506249,
            1.7195748549241285,
            1.7235428155996861,
            1.7358991366166334,
            1.7591639420925043,
            1.7595682358130431,
            1.8458586381031916,
            1.7725215661220062
        ],
        "accuracy": [
            0.3383064568042755,
            0.36693549156188965,
            0.38991934061050415,
            0.4028225839138031,
            0.41330644488334656,
            0.4326612949371338,
            0.4286290109157562,
            0.4048387110233307,
            0.4233870804309845,
            0.4584677219390869,
            0.46209678053855896,
            0.44758063554763794,
            0.4633064568042755,
            0.4749999940395355,
            0.46370968222618103,
            0.46209678053855896,
            0.4673387110233307,
            0.460080623626709,
            0.45887094736099243,
            0.46370968222618103,
            0.4673387110233307,
            0.460080623626709,
            0.4653225839138031,
            0.46451613306999207,
            0.448387086391449,
            0.4633064568042755
        ]
    },
    "hyperparams": {
        "learning_rate": 0.0001,
        "weight_decay": 0.001,
        "patience": 10
    }
}