{
    "train": {
        "loss": [
            1.9926399074049077,
            1.897119609718649,
            1.854089767504961,
            1.8266987077191346,
            1.8000321143712752,
            1.790500900684259,
            1.779316483399807,
            1.755682965629121,
            1.7589142913492317,
            1.741254477419405,
            1.730437787170084,
            1.7238503511135395,
            1.710226630553221,
            1.7081167962816026,
            1.7079379599318545,
            1.6742212823313525,
            1.6731258600186079,
            1.6652233814581847,
            1.6520516882594833,
            1.6391389583929992,
            1.6262764125807672,
            1.6142278573451898,
            1.5998514238585773,
            1.5711325967413747,
            1.5595470289898734,
            1.5150212029106596,
            1.5094891959785397,
            1.4670992070793087,
            1.3540370413380811,
            1.300636248710828,
            1.2638488518886077,
            1.251071705777421,
            1.2197812928093805,
            1.1998256658896422,
            1.1807933200118887,
            1.1594082280101938,
            1.1380968623691134
        ],
        "accuracy": [
            0.2802419364452362,
            0.3260752856731415,
            0.3583333492279053,
            0.3721774220466614,
            0.3827957212924957,
            0.3919354975223541,
            0.39516130089759827,
            0.41088709235191345,
            0.41787636280059814,
            0.4217742085456848,
            0.42459678649902344,
            0.43830645084381104,
            0.4403225779533386,
            0.4440860450267792,
            0.4538978636264801,
            0.4725806415081024,
            0.46922042965888977,
            0.47379031777381897,
            0.4935483932495117,
            0.4981182813644409,
            0.5029569864273071,
            0.5225806832313538,
            0.5302419662475586,
            0.5556451678276062,
            0.5586021542549133,
            0.5947580933570862,
            0.5947580933570862,
            0.6311827898025513,
            0.7068548798561096,
            0.7435483932495117,
            0.7696236968040466,
            0.7801075577735901,
            0.8051075339317322,
            0.8209677338600159,
            0.8262097239494324,
            0.8385753035545349,
            0.8525537848472595
        ]
    },
    "validation": {
        "loss": [
            1.8820425791618152,
            1.8579496695445135,
            1.799878010383019,
            1.7851467040868907,
            1.746453468616192,
            1.7699497296259954,
            1.7426893069193914,
            1.713071379906092,
            1.7085503309200971,
            1.7016974290211995,
            1.6999817444727972,
            1.6866322175050392,
            1.6902744464385204,
            1.7378104772323217,
            1.677446505962274,
            1.6708345107543163,
            1.7285542885462444,
            1.659783042394198,
            1.7284906002191396,
            1.6775924945488954,
            1.6540499742214496,
            1.6508604288101196,
            1.67934599900857,
            1.6624564146384215,
            1.6694624913044465,
            1.6664861226693177,
            1.704579879076053,
            1.689204255739848,
            1.6411560896115425,
            1.637541101529048,
            1.638399973893777,
            1.6558011036652784,
            1.653689641218919,
            1.6600605769035144,
            1.673651511852558,
            1.6793441619628515,
            1.6711577360446637
        ],
        "accuracy": [
            0.34596773982048035,
            0.36653226613998413,
            0.39475804567337036,
            0.39919355511665344,
            0.4145161211490631,
            0.39677417278289795,
            0.4141128957271576,
            0.4302419424057007,
            0.4415322542190552,
            0.4395161271095276,
            0.4370967745780945,
            0.45483869314193726,
            0.44072580337524414,
            0.4254032075405121,
            0.4725806415081024,
            0.4576612710952759,
            0.4213709533214569,
            0.48024192452430725,
            0.4278225600719452,
            0.46411290764808655,
            0.4721774160861969,
            0.47459676861763,
            0.46854838728904724,
            0.47298386693000793,
            0.4681451618671417,
            0.4741935431957245,
            0.4584677219390869,
            0.47096773982048035,
            0.49879032373428345,
            0.5161290168762207,
            0.5165322422981262,
            0.5100806355476379,
            0.5120967626571655,
            0.5149193406105042,
            0.5112903118133545,
            0.5096774101257324,
            0.5149193406105042
        ]
    },
    "hyperparams": {
        "learning_rate": 0.00075,
        "weight_decay": 0.001,
        "patience": 5
    }
}