{
    "train": {
        "loss": [
            1.9751570204384306,
            1.8760485333255215,
            1.8519050096854186,
            1.808370595304375,
            1.7911259975188818,
            1.770885961687463,
            1.7539162381082518,
            1.7338747377069588,
            1.7158492874895406,
            1.6941456376996815,
            1.6859934493007822,
            1.6577877132301657,
            1.6388831118233183,
            1.623452496324849,
            1.6068355028445904,
            1.5835922752690113,
            1.55428665316003,
            1.5366145056537075,
            1.4910341715201354,
            1.465944477635571,
            1.4312156061840873,
            1.390274172155266,
            1.3594488669664433,
            1.3458334625276744,
            1.2920975929651506,
            1.2104435547804222,
            1.173540423059056,
            1.1555028501738849,
            1.156905212972918,
            1.140094957799993,
            1.1323284287737985
        ],
        "accuracy": [
            0.2924731373786926,
            0.3499999940395355,
            0.3522849678993225,
            0.3767473101615906,
            0.39005377888679504,
            0.40618279576301575,
            0.41344088315963745,
            0.4189516305923462,
            0.4346774220466614,
            0.4532258212566376,
            0.45940861105918884,
            0.4744623899459839,
            0.4858871102333069,
            0.5038978457450867,
            0.5240591764450073,
            0.5375000238418579,
            0.5625,
            0.5772849321365356,
            0.6040322780609131,
            0.6284946203231812,
            0.65241938829422,
            0.6809139847755432,
            0.6973118185997009,
            0.7086021900177002,
            0.749462366104126,
            0.8030914068222046,
            0.8185483813285828,
            0.8346774578094482,
            0.8357527256011963,
            0.8428763747215271,
            0.8537634611129761
        ]
    },
    "validation": {
        "loss": [
            1.8582356526301458,
            1.8016540453984187,
            1.7775638134051592,
            1.764707360512171,
            1.7465284023529444,
            1.7269054987491705,
            1.793234693698394,
            1.7259697822424083,
            1.6787227820127437,
            1.676445361895439,
            1.6875807352555103,
            1.6825383687630677,
            1.6713496446609497,
            1.6679143905639648,
            1.6770516481155004,
            1.677075126232245,
            1.6949665026787,
            1.6749130762540376,
            1.6848524319819915,
            1.689477257239513,
            1.6958513443286602,
            1.7114636439543505,
            1.7792423046552217,
            1.730023986253983,
            1.770695802492973,
            1.725570024588169,
            1.7241275677314172,
            1.7308182960901506,
            1.74061058423458,
            1.7456525013997004,
            1.7483384425823505
        ],
        "accuracy": [
            0.3475806415081024,
            0.37419354915618896,
            0.3951612710952759,
            0.39193546772003174,
            0.4052419364452362,
            0.4205645024776459,
            0.39919355511665344,
            0.41975805163383484,
            0.4576612710952759,
            0.4552419185638428,
            0.4612903296947479,
            0.4560483694076538,
            0.460080623626709,
            0.46693548560142517,
            0.4725806415081024,
            0.46209678053855896,
            0.47379031777381897,
            0.47580644488334656,
            0.48709675669670105,
            0.4814516007900238,
            0.48467740416526794,
            0.49475806951522827,
            0.44556450843811035,
            0.47459676861763,
            0.46612903475761414,
            0.4762096703052521,
            0.4903225600719452,
            0.4858870804309845,
            0.4907257854938507,
            0.48749998211860657,
            0.4927419424057007
        ]
    },
    "hyperparams": {
        "learning_rate": 0.00075,
        "weight_decay": 0,
        "patience": 10
    }
}