{
    "train": {
        "loss": [
            1.9656442444548647
        ],
        "accuracy": [
            0.27190861105918884
        ]
    },
    "validation": {
        "loss": [
            1.9864670160489204
        ],
        "accuracy": [
            0.25846773386001587
        ]
    },
    "hyperparams": {
        "learning_rate": 0.001,
        "weight_decay": 0,
        "patience": 7,
        "momentum_bn2": 0.2,
        "labelsmooth": 0.15,
        "filename": null
    }
}