{
    "train": {
        "loss": [
            2.0608545103643694,
            1.9311298590440016,
            1.877691260769836,
            1.8414346132522974,
            1.811031115360749,
            1.7832845449447632,
            1.7644841793255928,
            1.7447291317149105,
            1.7210555789817092,
            1.6959753535751603,
            1.681616959408817,
            1.647441058077364,
            1.625698192506774,
            1.5987940160637228,
            1.563414476875566,
            1.5247865548500648,
            1.4904775507429726,
            1.4607497239724183,
            1.3903752106886644,
            1.3576919390605047,
            1.3423897843075614,
            1.3325706883373423,
            1.3156526547211866,
            1.3077072536843455,
            1.2932177537526839,
            1.2896119926729772,
            1.28537280131609,
            1.2752347929864867,
            1.278408753566253,
            1.2758887517146575,
            1.2811124141399677,
            1.2811436001052203
        ],
        "accuracy": [
            0.2526881694793701,
            0.32809141278266907,
            0.35551077127456665,
            0.36962366104125977,
            0.3861559331417084,
            0.3987903296947479,
            0.4114247262477875,
            0.4348118305206299,
            0.44381722807884216,
            0.46666666865348816,
            0.47311827540397644,
            0.5041666626930237,
            0.5213710069656372,
            0.5447580814361572,
            0.5712365508079529,
            0.5990591645240784,
            0.6219086050987244,
            0.6530914306640625,
            0.704301118850708,
            0.7317204475402832,
            0.7428763508796692,
            0.7454301118850708,
            0.7688172459602356,
            0.7704301476478577,
            0.7763441205024719,
            0.7857527136802673,
            0.7868279814720154,
            0.789650559425354,
            0.7951613068580627,
            0.7966398000717163,
            0.7866935729980469,
            0.7912634611129761
        ]
    },
    "validation": {
        "loss": [
            1.9230361198767638,
            1.8378747273714116,
            1.8097702448184674,
            1.794229201781444,
            1.775588108943059,
            1.7775176885800483,
            1.7102449307074914,
            1.71743477613498,
            1.7068798633722158,
            1.725407600402832,
            1.6957299159123347,
            1.660350188230857,
            1.678851149021051,
            1.6640717341349676,
            1.6695770606016502,
            1.6606929149383154,
            1.671887260216933,
            1.685635575881371,
            1.6537941419161284,
            1.6524431369243524,
            1.6551563220146375,
            1.6584583857120612,
            1.6677506489631457,
            1.66981617303995,
            1.6642042367886274,
            1.6614681512881548,
            1.6741675627537262,
            1.666254963630285,
            1.6665281087924273,
            1.6630132167767255,
            1.6634760055786524,
            1.6598948393112574
        ],
        "accuracy": [
            0.35967740416526794,
            0.39193546772003174,
            0.38548386096954346,
            0.4076612889766693,
            0.4056451618671417,
            0.41975805163383484,
            0.45241934061050415,
            0.43185484409332275,
            0.43145161867141724,
            0.41814514994621277,
            0.45201611518859863,
            0.48064514994621277,
            0.4564515948295593,
            0.47338709235191345,
            0.4741935431957245,
            0.4810483753681183,
            0.4786290228366852,
            0.46370968222618103,
            0.4794354736804962,
            0.48749998211860657,
            0.4830645024776459,
            0.48709675669670105,
            0.47379031777381897,
            0.4814516007900238,
            0.4842741787433624,
            0.48266127705574036,
            0.48266127705574036,
            0.4838709533214569,
            0.48467740416526794,
            0.4879032075405121,
            0.4834677278995514,
            0.4810483753681183
        ]
    },
    "hyperparams": {
        "learning_rate": 0.0001,
        "weight_decay": 0.001,
        "patience": 5
    }
}