{
    "train": {
        "loss": [
            2.0654521436772795,
            1.928768660268213,
            1.8791884988801093,
            1.8441192594348874,
            1.8160353236728244,
            1.7852327314197507,
            1.7694404053891826,
            1.7474484076866736,
            1.7213921434858925,
            1.6999613209667368,
            1.6884934841058192,
            1.6541886940980568,
            1.6328904272144675,
            1.6088247482593243,
            1.5773948094783685,
            1.5418495235280094,
            1.5089279331712642,
            1.4689704169574966,
            1.4294146890314217,
            1.394573161744664,
            1.350845567181579,
            1.3179734109813332,
            1.2833729065381563,
            1.232238919307024,
            1.1978426376978557,
            1.1511082679797442
        ],
        "accuracy": [
            0.24677419662475586,
            0.3225806653499603,
            0.35510754585266113,
            0.36680108308792114,
            0.3817204236984253,
            0.4010752737522125,
            0.4197580814361572,
            0.42741936445236206,
            0.44381722807884216,
            0.463172048330307,
            0.47862905263900757,
            0.49704301357269287,
            0.5130376219749451,
            0.5337365865707397,
            0.5607526898384094,
            0.5885753035545349,
            0.6111559271812439,
            0.6409946084022522,
            0.6732527017593384,
            0.6974462270736694,
            0.7329301238059998,
            0.7469086050987244,
            0.7709677815437317,
            0.8077957034111023,
            0.824999988079071,
            0.863037645816803
        ]
    },
    "validation": {
        "loss": [
            1.928244031392611,
            1.85167885132325,
            1.8221744574033296,
            1.7829316885043414,
            1.7390526288594954,
            1.740452983440497,
            1.7614572292719133,
            1.7137374877929688,
            1.7189367337104602,
            1.7044072120617597,
            1.6771268508373163,
            1.6664272516201704,
            1.6908806715256128,
            1.651434219800509,
            1.6599060174746392,
            1.656591562124399,
            1.6593555334286811,
            1.6591759217091095,
            1.7239154393856342,
            1.7187107862570348,
            1.7010009227654872,
            1.7146560289920905,
            1.7399507363637288,
            1.7312541894423656,
            1.7736618977326613,
            1.7598097599469698
        ],
        "accuracy": [
            0.33508065342903137,
            0.3887096643447876,
            0.4008064568042755,
            0.41129031777381897,
            0.4282257854938507,
            0.4334677457809448,
            0.4205645024776459,
            0.44596773386001587,
            0.44919353723526,
            0.45241934061050415,
            0.47096773982048035,
            0.48629030585289,
            0.47096773982048035,
            0.48266127705574036,
            0.4786290228366852,
            0.485483855009079,
            0.4830645024776459,
            0.4935483932495117,
            0.4673387110233307,
            0.46854838728904724,
            0.4721774160861969,
            0.47459676861763,
            0.48064514994621277,
            0.4834677278995514,
            0.47298386693000793,
            0.4762096703052521
        ]
    },
    "hyperparams": {
        "learning_rate": 0.0001,
        "weight_decay": 0,
        "patience": 10
    }
}