{
    "train": {
        "loss": [
            1.9652996694939768,
            1.8778942324157455,
            1.8416407210195167,
            1.8036790393356583,
            1.7847792429801745,
            1.7732521407624595,
            1.7554080374220498,
            1.7411282368195362,
            1.726053189008664,
            1.6987078250982823,
            1.6919282195914505,
            1.6793639873846984,
            1.6532843805785873,
            1.6474633532711582,
            1.6220786021305964,
            1.601946678935972,
            1.5777014310543354,
            1.5525145367679434,
            1.5196092648383899,
            1.5112932737057025,
            1.4839192934525318,
            1.4399948904656956,
            1.39905608821119,
            1.3650662501653035,
            1.3333933720221887,
            1.302028336076655,
            1.282173986108894,
            1.241021090083652,
            1.172149086609865,
            1.1273211393600855
        ],
        "accuracy": [
            0.29973119497299194,
            0.338440865278244,
            0.3655914068222046,
            0.38051074743270874,
            0.39502689242362976,
            0.40349462628364563,
            0.4124999940395355,
            0.4284946322441101,
            0.42916667461395264,
            0.4486559331417084,
            0.4557795822620392,
            0.4655914008617401,
            0.48051077127456665,
            0.49220430850982666,
            0.5162634253501892,
            0.5264785289764404,
            0.5448924899101257,
            0.561424732208252,
            0.590188205242157,
            0.5924731492996216,
            0.6188172101974487,
            0.6461021900177002,
            0.6786290407180786,
            0.7028225660324097,
            0.7197580933570862,
            0.7400537729263306,
            0.7524193525314331,
            0.7817204594612122,
            0.8267473578453064,
            0.8534946441650391
        ]
    },
    "validation": {
        "loss": [
            1.8508959672389886,
            1.8050390573648305,
            1.7856903626368597,
            1.758340835571289,
            1.7691173859131641,
            1.7355543222182837,
            1.7306936581929524,
            1.752051824178451,
            1.729929465513963,
            1.681812109091343,
            1.694059051000155,
            1.6798013998911931,
            1.6884156037599614,
            1.6807180092884944,
            1.6713102200092413,
            1.6659429592963977,
            1.6569118530322344,
            1.6668897744936821,
            1.7219319832630646,
            1.6831169097851484,
            1.6881955770345836,
            1.6904754394139998,
            1.6773405655836449,
            1.6830450479800885,
            1.7266381214826534,
            1.7375754362497575,
            1.7221884758044512,
            1.772554596265157,
            1.7311411943191137,
            1.7390977419339693
        ],
        "accuracy": [
            0.36895161867141724,
            0.38104838132858276,
            0.3822580575942993,
            0.41532257199287415,
            0.3770161271095276,
            0.41733869910240173,
            0.42903226613998413,
            0.4052419364452362,
            0.4213709533214569,
            0.4540322422981262,
            0.4487903118133545,
            0.4580644965171814,
            0.44919353723526,
            0.45685482025146484,
            0.46854838728904724,
            0.47096773982048035,
            0.4749999940395355,
            0.47338709235191345,
            0.45483869314193726,
            0.47983869910240173,
            0.47338709235191345,
            0.47298386693000793,
            0.4959677457809448,
            0.4951612949371338,
            0.4790322482585907,
            0.4810483753681183,
            0.48669353127479553,
            0.4701612889766693,
            0.48951610922813416,
            0.48911288380622864
        ]
    },
    "hyperparams": {
        "learning_rate": 0.00075,
        "weight_decay": 1e-05,
        "patience": 10
    }
}