{
    "train": {
        "loss": [
            2.0784508468758345,
            1.9326152607925937,
            1.875561993346255,
            1.8357716859915318,
            1.8099827012445173,
            1.7788364897426376,
            1.7573776662859142,
            1.7353507351671529,
            1.7118201072399433,
            1.6870666202316937,
            1.6673557503610594,
            1.6395584232786782,
            1.6141389353662474,
            1.5703038710814257,
            1.5467712604082549,
            1.5056394511817868,
            1.4747029634622426,
            1.4325504598454533,
            1.3869721909873507,
            1.348041735143743,
            1.3049486783834605,
            1.2632880679562561,
            1.2259796226126516,
            1.192607240799146,
            1.1637253272227752
        ],
        "accuracy": [
            0.24637097120285034,
            0.3240591585636139,
            0.35793012380599976,
            0.37352150678634644,
            0.3940860331058502,
            0.41209676861763,
            0.4240591526031494,
            0.4396505355834961,
            0.4518817365169525,
            0.476881742477417,
            0.4909946322441101,
            0.511962354183197,
            0.5408602356910706,
            0.5729838609695435,
            0.5852150917053223,
            0.6216397881507874,
            0.6368279457092285,
            0.6736559271812439,
            0.7010752558708191,
            0.7301075458526611,
            0.7576612830162048,
            0.7854838967323303,
            0.8129032254219055,
            0.829032301902771,
            0.8541666865348816
        ]
    },
    "validation": {
        "loss": [
            1.9184144460237944,
            1.8463560251089244,
            1.820252843392201,
            1.7825289567311604,
            1.7486629944581251,
            1.7262524702610114,
            1.708293352371607,
            1.726180721551944,
            1.6990878734833155,
            1.689759000753745,
            1.7117946025652764,
            1.6795903199758284,
            1.6758547318287385,
            1.6566447539207263,
            1.6631887845503979,
            1.6717739502588909,
            1.7599510107284937,
            1.6931856106489132,
            1.6885393888522418,
            1.7153724584824,
            1.7222473743634346,
            1.727644877556043,
            1.7505224515230229,
            1.7449880410463383,
            1.7743636828202467
        ],
        "accuracy": [
            0.3633064329624176,
            0.3721774220466614,
            0.3959677219390869,
            0.4028225839138031,
            0.42661288380622864,
            0.44314515590667725,
            0.4540322422981262,
            0.4439516067504883,
            0.4717741906642914,
            0.46612903475761414,
            0.4419354796409607,
            0.48266127705574036,
            0.4762096703052521,
            0.4883064329624176,
            0.4931451678276062,
            0.4907257854938507,
            0.4354838728904724,
            0.4673387110233307,
            0.4834677278995514,
            0.46854838728904724,
            0.45967739820480347,
            0.4717741906642914,
            0.4532257914543152,
            0.4749999940395355,
            0.46370968222618103
        ]
    },
    "hyperparams": {
        "learning_rate": 0.0001,
        "weight_decay": 0.001,
        "patience": 100
    }
}