{
    "train": {
        "loss": [
            2.0932917798686232,
            2.0028453749469204,
            1.9692804629986103,
            1.94195074810941,
            1.9261209485877273,
            1.9088731321514163,
            1.896755354017274,
            1.885084510868431,
            1.874942105040591,
            1.8621159496470394,
            1.8512396527151775,
            1.8416245676513412,
            1.8409205838146372,
            1.8335898401390793,
            1.8273748261296852,
            1.8220015387249808,
            1.8183321412811932,
            1.8053802659368923,
            1.8069234332467756,
            1.7849755715101192,
            1.7851730962084909,
            1.7790056762532291,
            1.767194800906711,
            1.7639800707499187,
            1.756852155057793,
            1.7506130882817457,
            1.7440640967116396,
            1.734307090441386,
            1.7260765886714315,
            1.7180291078029535,
            1.7024736292341835,
            1.6979490569514086,
            1.695897525192326,
            1.6906352990712874,
            1.6723262907093406,
            1.669885728094313,
            1.6433244923241117,
            1.6330902219837546,
            1.6067305008570354,
            1.5923976195164216,
            1.5692067869708068,
            1.5620130229200053,
            1.5362024205362694,
            1.519833551512824,
            1.4997799549347315,
            1.4756950618874314,
            1.4592305758060553,
            1.4258993059142022,
            1.4142616467598157,
            1.386636678989117,
            1.3783241153782249,
            1.2983039902825642,
            1.2711880930468566,
            1.266453281427041,
            1.2568782812509782,
            1.24892046308925,
            1.2503209460494864,
            1.240427862884652,
            1.2368750582393417,
            1.238771376446781,
            1.2362020392703195,
            1.2315759852401211,
            1.227873616748386,
            1.2265091217481172,
            1.2230220136479435,
            1.2202703137683053,
            1.2217068223871737,
            1.2262290043708606,
            1.2212239157440317,
            1.224382418852586,
            1.2251183354956472,
            1.2206737424573328,
            1.2154400134697938,
            1.2195396352018046
        ],
        "accuracy": [
            0.26505377888679504,
            0.3194892406463623,
            0.3327957093715668,
            0.35336023569107056,
            0.37137097120285034,
            0.37620967626571655,
            0.389247328042984,
            0.40120968222618103,
            0.4129032492637634,
            0.412365585565567,
            0.42526882886886597,
            0.43400537967681885,
            0.437768816947937,
            0.4443548619747162,
            0.45053765177726746,
            0.45456990599632263,
            0.4633064568042755,
            0.4698924720287323,
            0.4588709771633148,
            0.49153226613998413,
            0.4928763508796692,
            0.48978495597839355,
            0.5013440847396851,
            0.5139784812927246,
            0.511155903339386,
            0.5168010592460632,
            0.526881754398346,
            0.5366935729980469,
            0.5416666865348816,
            0.5536290407180786,
            0.5649193525314331,
            0.5704300999641418,
            0.5715053677558899,
            0.5809139609336853,
            0.5977150797843933,
            0.601075291633606,
            0.6201612949371338,
            0.6330645084381104,
            0.6567204594612122,
            0.6759408712387085,
            0.6909946203231812,
            0.7014784812927246,
            0.7232527136802673,
            0.7389785051345825,
            0.7595430016517639,
            0.7712365984916687,
            0.7860215306282043,
            0.8090053796768188,
            0.8307796120643616,
            0.8469086289405823,
            0.8555107712745667,
            0.9220430254936218,
            0.9497312307357788,
            0.9486559629440308,
            0.9581989645957947,
            0.9616935849189758,
            0.9639785289764404,
            0.9698925018310547,
            0.9715054035186768,
            0.9720430374145508,
            0.9698925018310547,
            0.9735215306282043,
            0.976344108581543,
            0.9775537848472595,
            0.9799731373786926,
            0.9821236729621887,
            0.9822580814361572,
            0.977150559425354,
            0.9810484051704407,
            0.9797043204307556,
            0.9783602356910706,
            0.9810484051704407,
            0.9827957153320312,
            0.9817204475402832
        ]
    },
    "validation": {
        "loss": [
            1.9890285974893815,
            1.9471890528996785,
            1.92862602074941,
            1.9268187559567964,
            1.8889619325980163,
            1.8900212202316675,
            1.874585509300232,
            1.9171208296066675,
            1.841237227121989,
            1.81546443547958,
            1.8074621206674821,
            1.8447900827114398,
            1.8607987868480194,
            1.7998906832474928,
            1.8919072701380804,
            1.7780257310622778,
            1.79510279190846,
            1.8180220830134857,
            1.760859116529807,
            1.7420797592554338,
            1.8005363543828328,
            1.7519172857969234,
            1.7711414710069313,
            1.7485941740182729,
            1.7361315611081245,
            1.7364582006747906,
            1.7400851647059123,
            1.7163082758585613,
            1.711562679364131,
            1.7140482236177494,
            1.6925636621621938,
            1.7384227972764235,
            1.714476744333903,
            1.7014419849102314,
            1.7179103875771546,
            1.7092838226220546,
            1.714017363694998,
            1.6972884367673824,
            1.691436529159546,
            1.6783337562512128,
            1.6707091667713263,
            1.6801020090396588,
            1.6633251722042377,
            1.6717206973295946,
            1.6701263250448766,
            1.6845825910568237,
            1.6868647398092809,
            1.7026136043744209,
            1.6893215026610937,
            1.6758116972752106,
            1.6706770597360072,
            1.595791416290479,
            1.5965657448157287,
            1.589870171669202,
            1.594629318286211,
            1.5910985897748897,
            1.596350996922224,
            1.5970269288772192,
            1.5937480406883435,
            1.593312300168551,
            1.5922942222693028,
            1.5967336831948695,
            1.5959324531066112,
            1.5906330744425456,
            1.5896656146416297,
            1.5823049667554023,
            1.5898512724118354,
            1.5905204186072717,
            1.585524164713346,
            1.5944788180864775,
            1.5933394615466778,
            1.5924644133983514,
            1.5865784272169456,
            1.586629922573383
        ],