{
    "train": {
        "loss": [
            1.9575474139971611,
            1.834404396195697,
            1.7888346757644262,
            1.758006549289084,
            1.714218242555602,
            1.6892220780380771,
            1.6734416087468464,
            1.6415095512683575,
            1.6262571373556414,
            1.60863793711377,
            1.6017936274536655,
            1.5788475305606158,
            1.575452686375023,
            1.5464971992704604,
            1.5423019910470033,
            1.5330019425123165,
            1.5157913519785955,
            1.5157080797048716,
            1.505256354299366,
            1.4888766382494543,
            1.4921668594718998,
            1.482313670663752,
            1.465286652247111,
            1.4491983927213228,
            1.450455719589168,
            1.4274312176256099,
            1.4109377871211777,
            1.4171250447248802,
            1.414260727727515,
            1.3867784921939557,
            1.3751125916456566,
            1.3425385381421473,
            1.3189363428670118,
            1.2940744110661695,
            1.2898787800063434,
            1.2586028351742997,
            1.2264663225565202,
            1.215476487436865,
            1.1928825408984454,
            1.17554103411161,
            1.1181304342726357,
            1.1005101886569943,
            1.059785310529236,
            1.0101767921040201,
            0.8673049613960788,
            0.8171631500252292,
            0.7775855599305569,
            0.7633085057266757,
            0.7455073080511174,
            0.7317919833028418,
            0.7243622154252142,
            0.7106366687350802,
            0.6987306037519732,
            0.6832976565401778,
            0.6722041190180004,
            0.6509708115178295,
            0.6508593844552325,
            0.6568240258428786,
            0.657853661948799,
            0.6607250657855955,
            0.6487112452841213,
            0.6506952403957008,
            0.6484483388754038,
            0.6447285816200778,
            0.6438107307140644,
            0.6424647320030082,
            0.647708754763644
        ],
        "accuracy": [
            0.2823924720287323,
            0.3153225779533386,
            0.3428763449192047,
            0.36706990003585815,
            0.3754032254219055,
            0.38293012976646423,
            0.3979838788509369,
            0.41048386693000793,
            0.40900537371635437,
            0.42930108308792114,
            0.4236559271812439,
            0.43413978815078735,
            0.44395163655281067,
            0.451478511095047,
            0.4654569923877716,
            0.4653225839138031,
            0.47284945845603943,
            0.47056451439857483,
            0.47567206621170044,
            0.48776882886886597,
            0.4858871102333069,
            0.49193549156188965,
            0.4998655915260315,
            0.5157257914543152,
            0.5159946084022522,
            0.5244624018669128,
            0.5356183052062988,
            0.5366935729980469,
            0.5305107831954956,
            0.5526881814002991,
            0.5591397881507874,
            0.5737903118133545,
            0.5862903594970703,
            0.6080645322799683,
            0.6196236610412598,
            0.6282258033752441,
            0.6471774578094482,
            0.65241938829422,
            0.664919376373291,
            0.675268828868866,
            0.7163978815078735,
            0.7231183052062988,
            0.7387096881866455,
            0.7666667103767395,
            0.8444892764091492,
            0.8788978457450867,
            0.8971774578094482,
            0.9056451916694641,
            0.9102150797843933,
            0.9177419543266296,
            0.9220430254936218,
            0.9283602237701416,
            0.9357526898384094,
            0.9399193525314331,
            0.9512097239494324,
            0.9608871340751648,
            0.9586021900177002,
            0.9571236968040466,
            0.9561828374862671,
            0.9567204713821411,
            0.9591398239135742,
            0.9631720781326294,
            0.9598118662834167,
            0.9603495001792908,
            0.9627688527107239,
            0.9620968103408813,
            0.9607527256011963
        ]
    },
    "validation": {
        "loss": [
            1.7990726813291893,
            1.7759817105073195,
            1.6934916392350807,
            1.674156360137157,
            1.6865851756853936,
            1.638954413242829,
            1.694739885819264,
            1.6057545588566706,
            1.5659813697521503,
            1.5483612555723925,
            1.5578656227160723,
            1.5654596854478886,
            1.511737979375399,
            1.517483720412621,
            1.499554001368009,
            1.5478229217040234,
            1.4670608288202531,
            1.498736580212911,
            1.5032562170273218,
            1.443291804729364,
            1.4470954399842482,
            1.4087517200372157,
            1.4478869407604902,
            1.4342174468896327,
            1.4271065974846864,
            1.4252220208828266,
            1.4140419684923613,
            1.4050563696103218,
            1.428920131463271,
            1.3868492383223314,
            1.4355510473251343,
            1.4113796185224483,
            1.371607474791698,
            1.3793230209595118,
            1.382360605093149,
            1.340831600702726,
            1.3460613458584516,
            1.3333695148810363,
            1.4532518875904572,
            1.3545536933801112,
            1.3556696971257527,
            1.3749982760502741,
            1.4148652186760535,
            1.3462161284226637,
            1.2342476783654628,
            1.240835957038097,
            1.2409456020746477,
            1.2386265320655627,
            1.233339352485461,
            1.242136829938644,
            1.2515531029456701,
            1.2451790601779253,
            1.249235559732486,
            1.253886892245366,
            1.2590123506692739,
            1.2456018588481805,
            1.244881625358875,
            1.2438883598034198,
            1.2568708321987054,
            1.2525673004297109,
            1.2483874009205744,
            1.2550104153461945,
            1.2485729731046236,
            1.2458589718892024,
            1.2406762624398255,
            1.2456748974628937,
            1.2515534376486754
        ],