{
    "train": {
        "loss": [
            2.0052298521384215,
            1.926175671764928,
            1.902555538038922,
            1.8702148076815484,
            1.8619686334561079,
            1.850790995817918,
            1.8319145288222876,
            1.833342688715356,
            1.818488125108246,
            1.8088961870242388,
            1.8093392186694675,
            1.7951648500230577,
            1.7832178824987166,
            1.778767243409768,
            1.7796103597706199,
            1.7732009113344371,
            1.7670823223570473,
            1.7631968361699684,
            1.753868134612711,
            1.7639894658683712,
            1.741777655405876,
            1.7358661064734826,
            1.7272440266405416,
            1.728802521004636,
            1.7205806002657638,
            1.7166432458111363,
            1.7099608733103826,
            1.7021927589025252,
            1.6986050116710174,
            1.6832808959178436,
            1.678830968009101,
            1.668717583020528,
            1.672045590531113,
            1.6594976818459666,
            1.6484170123043222,
            1.6353382422373846,
            1.6296673422185783,
            1.6285247486880703,
            1.6012183224034107,
            1.5937846552612436,
            1.5985872348149617,
            1.5697210313927414,
            1.5646889800699348,
            1.5538897239244902,
            1.5481976973704803,
            1.527274283588442,
            1.5045866303973727,
            1.4916856940994916,
            1.486140645467318,
            1.4627357548118656,
            1.4588319491117427,
            1.4462079777676835,
            1.3596579315315964,
            1.3233193811188397,
            1.3086497651206122,
            1.3004014349391317,
            1.2936527453936064,
            1.273025920248439,
            1.2705431300350742,
            1.2646059898229747,
            1.2567264340881608,
            1.2467691847401807,
            1.249165760146247,
            1.2473177359654353,
            1.2408424493594048,
            1.239204464814602,
            1.2381556268431182,
            1.2349110688918676,
            1.2389225990344317,
            1.2326225735183456,
            1.235696470635569,
            1.2393927961333184,
            1.24434650148082
        ],
        "accuracy": [
            0.29072582721710205,
            0.3334677517414093,
            0.3471774160861969,
            0.3768817186355591,
            0.37661290168762207,
            0.3931451737880707,
            0.4028225839138031,
            0.4114247262477875,
            0.42056453227996826,
            0.4237903356552124,
            0.42231184244155884,
            0.42486560344696045,
            0.4422042965888977,
            0.451478511095047,
            0.44099462032318115,
            0.45497313141822815,
            0.45470431447029114,
            0.45000001788139343,
            0.4625000059604645,
            0.4579301178455353,
            0.47782260179519653,
            0.48010754585266113,
            0.4797043204307556,
            0.4903225898742676,
            0.4907258152961731,
            0.4935483932495117,
            0.49610215425491333,
            0.5143817067146301,
            0.5079300999641418,
            0.5169354677200317,
            0.5262097120285034,
            0.5323925018310547,
            0.529032289981842,
            0.5376344323158264,
            0.5389785170555115,
            0.5545699000358582,
            0.561693549156189,
            0.5643817186355591,
            0.5830645561218262,
            0.5971774458885193,
            0.5895161628723145,
            0.6106182932853699,
            0.6202957034111023,
            0.6197580695152283,
            0.6251344084739685,
            0.6483871340751648,
            0.6623656153678894,
            0.6721774339675903,
            0.6759408712387085,
            0.6924731135368347,
            0.6940860152244568,
            0.7087365984916687,
            0.776881754398346,
            0.8045699000358582,
            0.8123655915260315,
            0.8215053677558899,
            0.8235214948654175,
            0.8427419662475586,
            0.8395161628723145,
            0.8479838967323303,
            0.8494623899459839,
            0.8586021661758423,
            0.8573924899101257,
            0.8594086170196533,
            0.8614247441291809,
            0.862768828868866,
            0.863575279712677,
            0.8647849559783936,
            0.8611559271812439,
            0.8713709712028503,
            0.864112913608551,
            0.8663978576660156,
            0.8595430254936218
        ]
    },
    "validation": {
        "loss": [
            1.9121782321196337,
            2.1066447374148245,
            1.8753706828141823,
            1.9774882610027606,
            1.852401302411006,
            1.8339739029224102,
            1.8735939264297485,
            1.8361162100082788,
            1.8295948688800519,
            1.8134675545570178,
            1.807253238482353,
            1.7818606694539387,
            1.7974215898758326,
            1.8072231671749017,
            1.7910720904668171,
            1.7916002395825508,
            1.8323482213876185,
            1.7459264596303303,
            1.767957363373194,
            1.714025928423955,
            1.7792749038109412,
            1.7667904175244844,
            1.7137987797076886,
            1.7090564232606154,
            1.7610614177508233,
            1.7052197058995564,
            1.7141054685299213,
            1.7007493881078868,
            1.693265098791856,
            1.6898473378939507,
            1.7201261398119805,
            1.6817301083833744,
            1.7080104259344249,
            1.6979074203051054,
            1.6669911298996363,
            1.6648992055501692,
            1.6896689580037043,
            1.639756869047116,
            1.66212962835263,
            1.6662477132601616,
            1.6338278085757525,
            1.6559762710180037,
            1.6222959604018774,
            1.629665548984821,
            1.6351462235817542,
            1.6187077607863989,
            1.6659422501539574,
            1.6523213478235097,
            1.6577005783716838,
            1.6476855675379436,
            1.6591724157333374,
            1.647968237216656,
            1.5557350653868456,
            1.5657233274899995,
            1.5490016234226716,
            1.554898699124654,
            1.5507845634069197,
            1.5606049696604412,
            1.5616529874312572,
            1.5552504184918525,
            1.5587867834629157,
            1.5503114186800444,
            1.555762562996302,
            1.5580413372088702,
            1.552503906763517,
            1.5507992872825036,
            1.5524763357944977,
            1.551945102520478,
            1.551350969534654,
            1.5543087934836364,
            1.5577473181944628,
            1.549769951747014,
            1.5510041132951393
        ],