{
    "train": {
        "loss": [
            1.9445824582352598
        ],
        "accuracy": [
            0.2947580814361572
        ]
    },
    "validation": {
        "loss": [
            1.8550218985630915
        ],
        "accuracy": [
            0.3169354796409607
        ]
    },
    "hyperparams": {
        "learning_rate": 0.001,
        "weight_decay": 0,
        "patience": 7,
        "momentum_bn2": 0.2,
        "filename": null,
        "labelsmooth": 0.15
    }
}