{
    "train": {
        "loss": [
            1.953235937998845,
            1.8683010462002876,
            1.8470796479119196,
            1.8120821103071556,
            1.7845479504674928,
            1.7739832075233133,
            1.7400843842416747,
            1.7328159207971687,
            1.7078030690168724,
            1.7035852334438226,
            1.6572150664451795,
            1.6411835668433425,
            1.6071636075647469,
            1.5876680520864634,
            1.5510647694269817,
            1.525658536161113,
            1.484735726291298,
            1.4261112946730394,
            1.3927266485670693,
            1.3460744558236537,
            1.3097992727899144,
            1.2638294442087157,
            1.208729324177799,
            1.1866975655922523,
            1.1441103077342367,
            1.0985009089494362
        ],
        "accuracy": [
            0.3057795763015747,
            0.3494623601436615,
            0.3548387289047241,
            0.37163978815078735,
            0.39959678053855896,
            0.4029569923877716,
            0.4237903356552124,
            0.437231183052063,
            0.450940877199173,
            0.4494623839855194,
            0.47862905263900757,
            0.488844096660614,
            0.5245968103408813,
            0.5395161509513855,
            0.5673387050628662,
            0.5797042846679688,
            0.6111559271812439,
            0.6536290645599365,
            0.6838709712028503,
            0.7137097120285034,
            0.7317204475402832,
            0.7643817067146301,
            0.8037634491920471,
            0.8149193525314331,
            0.8422043323516846,
            0.8719086050987244
        ]
    },
    "validation": {
        "loss": [
            1.8435490773274348,
            1.7970263621745965,
            1.76378049605932,
            1.7604135488852477,
            1.7800094836797469,
            1.711578335517492,
            1.7399591818833962,
            1.7088486506388738,
            1.7009338568418453,
            1.6708863362287865,
            1.6785650620093713,
            1.6947529040850127,
            1.6950919750409248,
            1.6782408494215746,
            1.6731985379488041,
            1.6688809517102363,
            1.6482521234414516,
            1.7358090999798896,
            1.7791613065279448,
            1.7392090161641438,
            1.7391470059370384,
            1.745742094822419,
            1.7856873732346754,
            1.8149899244308472,
            1.7989067847912128,
            1.7948398834619768
        ],
        "accuracy": [
            0.35725805163383484,
            0.3870967626571655,
            0.39919355511665344,
            0.4100806415081024,
            0.3911290168762207,
            0.43145161867141724,
            0.42701610922813416,
            0.4447580575942993,
            0.44919353723526,
            0.4495967626571655,
            0.45967739820480347,
            0.45887094736099243,
            0.44072580337524414,
            0.4725806415081024,
            0.4762096703052521,
            0.49395161867141724,
            0.5052419304847717,
            0.45241934061050415,
            0.4532257914543152,
            0.46612903475761414,
            0.4907257854938507,
            0.4842741787433624,
            0.4834677278995514,
            0.4830645024776459,
            0.4927419424057007,
            0.48951610922813416
        ]
    },
    "hyperparams": {
        "learning_rate": 0.001,
        "weight_decay": 1e-05,
        "patience": 10
    }
}