{
    "train": {
        "loss": [
            1.9577798323753552,
            1.882640793792203,
            1.8380090894862118,
            1.8049222556953757,
            1.7814968060224483,
            1.7563745455864148,
            1.7283050657337546,
            1.708663710162171,
            1.6845651538962991,
            1.6596213935786843,
            1.6225881352383866,
            1.5920656797213433,
            1.5708241024587908,
            1.527861493265527,
            1.486860923278026,
            1.3939351138905582,
            1.3658240554679153,
            1.3416919463720076,
            1.3243914159954104,
            1.2944428238094363,
            1.2855434010171483,
            1.2673703106040628,
            1.2542616057599711,
            1.2446545454171987,
            1.2531663372985318,
            1.2464010022644303,
            1.2415790292951796,
            1.24084541023287
        ],
        "accuracy": [
            0.29556453227996826,
            0.34354838728904724,
            0.3677419424057007,
            0.3870967924594879,
            0.3986559212207794,
            0.42029571533203125,
            0.4329301118850708,
            0.44825270771980286,
            0.46827957034111023,
            0.4857527017593384,
            0.512231171131134,
            0.5377688407897949,
            0.5478494763374329,
            0.5862903594970703,
            0.6208333373069763,
            0.6799731254577637,
            0.704301118850708,
            0.7169355154037476,
            0.7319892644882202,
            0.7572580575942993,
            0.7590053677558899,
            0.7754032611846924,
            0.7801075577735901,
            0.788844108581543,
            0.7826613187789917,
            0.7930107712745667,
            0.7932795882225037,
            0.7956989407539368
        ]
    },
    "validation": {
        "loss": [
            1.9115394078768218,
            1.8501107692718506,
            1.799890466225453,
            1.777704364214188,
            1.7212136831039038,
            1.7189332093947973,
            1.7209689617156982,
            1.7257504371496348,
            1.6595520025644548,
            1.680646110803653,
            1.694383395023835,
            1.7042929973357763,
            1.690371504196754,
            1.686828607167953,
            1.6984820243639824,
            1.651742629515819,
            1.65411372979482,
            1.6520769871198213,
            1.654812366534502,
            1.6773049372893114,
            1.6818825220450377,
            1.673287501701942,
            1.676721725708399,
            1.675463269918393,
            1.673825545188708,
            1.675731246288006,
            1.6673175921806922,
            1.6628171664017897
        ],
        "accuracy": [
            0.3491935431957245,
            0.3443548381328583,
            0.3907257914543152,
            0.3951612710952759,
            0.4310483932495117,
            0.41209676861763,
            0.4419354796409607,
            0.4447580575942993,
            0.46895161271095276,
            0.44758063554763794,
            0.4625000059604645,
            0.46290323138237,
            0.47782257199287415,
            0.4927419424057007,
            0.47580644488334656,
            0.5068548321723938,
            0.5068548321723938,
            0.5145161151885986,
            0.510887086391449,
            0.5080645084381104,
            0.5056451559066772,
            0.5181451439857483,
            0.5181451439857483,
            0.5181451439857483,
            0.5185483694076538,
            0.5153225660324097,
            0.5181451439857483,
            0.5237902998924255
        ]
    },
    "hyperparams": {
        "learning_rate": 0.00025,
        "weight_decay": 1e-05,
        "patience": 5
    }
}