{
    "train": {
        "loss": [
            1.9687853317994337,
            1.8778907896107078,
            1.8560391144874768,
            1.8270448456462631,
            1.7966111134260128,
            1.7663000078282804,
            1.7390719489154653,
            1.7203976924602802,
            1.69734939143189,
            1.6743193171982071,
            1.6545121527125692,
            1.6319054996865427,
            1.5976225321109478,
            1.5590402285257976,
            1.5296399735996866,
            1.4973343060566828,
            1.4539800566485805,
            1.4049803578955495,
            1.3836904213978694,
            1.3235332120178092,
            1.2962900440917056,
            1.2476714757772593,
            1.2107749178878262,
            1.168451679058564,
            1.1404148559285026,
            1.0601250987786512
        ],
        "accuracy": [
            0.29529571533203125,
            0.34368279576301575,
            0.3564516305923462,
            0.36922043561935425,
            0.389247328042984,
            0.40147849917411804,
            0.42715054750442505,
            0.44112902879714966,
            0.4587365686893463,
            0.4681451618671417,
            0.4822580814361572,
            0.5060483813285828,
            0.527957022190094,
            0.5540322661399841,
            0.5833333730697632,
            0.6041666865348816,
            0.6305107474327087,
            0.6663978695869446,
            0.6900537610054016,
            0.7236559391021729,
            0.7485215067863464,
            0.777957022190094,
            0.8004032373428345,
            0.828494668006897,
            0.8416666984558105,
            0.9008064866065979
        ]
    },
    "validation": {
        "loss": [
            1.8516332186185396,
            1.8399715515283437,
            1.8026430240044227,
            1.8157185713450115,
            1.7462220191955566,
            1.7393706089411027,
            1.7256932197472987,
            1.697157920935215,
            1.690633679047609,
            1.6723691530716724,
            1.6836596910770123,
            1.6812593447856414,
            1.6717947507515931,
            1.6654126888666398,
            1.6966441350105481,
            1.6860410616948054,
            1.6928373116713304,
            1.691020714930999,
            1.693974684446286,
            1.703127295542986,
            1.7473819653193157,
            1.7860494301869319,
            1.767843546011509,
            1.7825060196411915,
            1.8210293085147173,
            1.7649943706316826
        ],
        "accuracy": [
            0.3475806415081024,
            0.3637096583843231,
            0.38951611518859863,
            0.36451610922813416,
            0.4161290228366852,
            0.42379030585289,
            0.4193548262119293,
            0.4330645203590393,
            0.45241934061050415,
            0.4556451439857483,
            0.46612903475761414,
            0.47580644488334656,
            0.47580644488334656,
            0.4995967745780945,
            0.47459676861763,
            0.4818548262119293,
            0.47983869910240173,
            0.47782257199287415,
            0.49233871698379517,
            0.48669353127479553,
            0.4717741906642914,
            0.47782257199287415,
            0.49233871698379517,
            0.49395161867141724,
            0.48508062958717346,
            0.4951612949371338
        ]
    },
    "hyperparams": {
        "learning_rate": 0.0005,
        "weight_decay": 1e-05,
        "patience": 10
    }
}