{
    "train": {
        "loss": [
            1.9551415820407052,
            1.869154236255548,
            1.8227384487787883,
            1.7992807117282834,
            1.7719043472893217,
            1.7428503240275586,
            1.7214927703906329,
            1.6924689315323136,
            1.6798259692314343,
            1.6552006576815221,
            1.605814458977463,
            1.5830941261389317,
            1.5610298397194626,
            1.5161429572309184,
            1.4823930569184132,
            1.4430545792620406,
            1.3987438464776063,
            1.3436050914291642,
            1.2847963765136197,
            1.2517602188974364,
            1.2024635433131814,
            1.1193432909810646
        ],
        "accuracy": [
            0.3037634491920471,
            0.34650537371635437,
            0.3795698881149292,
            0.38763442635536194,
            0.39986559748649597,
            0.42271506786346436,
            0.44287633895874023,
            0.45255377888679504,
            0.4672043025493622,
            0.499462366104126,
            0.5233871340751648,
            0.5389785170555115,
            0.5673387050628662,
            0.5978494882583618,
            0.6204301118850708,
            0.6471774578094482,
            0.676612913608551,
            0.7068548798561096,
            0.7504032254219055,
            0.7728495001792908,
            0.8049731254577637,
            0.8631720542907715
        ]
    },
    "validation": {
        "loss": [
            1.9064748012102568,
            1.8021604281205397,
            1.7878899696545723,
            1.7675855220892491,
            1.7444195991907365,
            1.7380699744591346,
            1.6687366320536687,
            1.6864139361259265,
            1.6716094689491467,
            1.6596822708080976,
            1.675391790194389,
            1.6811317816758766,
            1.6794800360997517,
            1.66834557056427,
            1.7155303863378673,
            1.7230359071340315,
            1.714855698438791,
            1.7573137955787854,
            1.8023570439754388,
            1.7555792576227434,
            1.7980305078702095,
            1.7405541034845204
        ],
        "accuracy": [
            0.29516127705574036,
            0.3754032254219055,
            0.3745967745780945,
            0.38951611518859863,
            0.41532257199287415,
            0.4310483932495117,
            0.4532257914543152,
            0.44596773386001587,
            0.4556451439857483,
            0.4697580635547638,
            0.46612903475761414,
            0.4717741906642914,
            0.47580644488334656,
            0.48225805163383484,
            0.48024192452430725,
            0.48024192452430725,
            0.4903225600719452,
            0.4790322482585907,
            0.46451613306999207,
            0.4830645024776459,
            0.4814516007900238,
            0.5076612830162048
        ]
    },
    "hyperparams": {
        "learning_rate": 0.0005,
        "weight_decay": 0,
        "patience": 10
    }
}