{
    "train": {
        "loss": [
            1.959532185497447,
            1.8707223346090724,
            1.8381806591637113,
            1.815355440490266,
            1.7959879310722024,
            1.763448485961327,
            1.7400866400482309,
            1.735869460635715,
            1.7154765057767558,
            1.7030851290776179,
            1.693187745208414,
            1.6685901961774907,
            1.6548323152411697,
            1.639247795455476,
            1.6199856864081488,
            1.5992706891817925,
            1.5776857463722556,
            1.5415567241163335,
            1.5194498259797056,
            1.4766982447387826,
            1.4545829326678545,
            1.4082874212509546,
            1.3729736804962158,
            1.3142706655029557,
            1.280010400674282,
            1.2237974242267446,
            1.206842804566408,
            1.1678275939745781,
            1.1393977622700553,
            1.100766555366353
        ],
        "accuracy": [
            0.3036290407180786,
            0.34422042965888977,
            0.36733871698379517,
            0.37607526779174805,
            0.39435485005378723,
            0.4032258093357086,
            0.4172043204307556,
            0.42029571533203125,
            0.4403225779533386,
            0.45013442635536194,
            0.45241937041282654,
            0.4815860390663147,
            0.4833333492279053,
            0.5037634372711182,
            0.510349452495575,
            0.5352150797843933,
            0.5483871102333069,
            0.5775537490844727,
            0.5903226137161255,
            0.6205645203590393,
            0.6416666507720947,
            0.6653226017951965,
            0.699731171131134,
            0.7392473220825195,
            0.7545698881149292,
            0.790188193321228,
            0.8036290407180786,
            0.8263441324234009,
            0.8458333611488342,
            0.8696236610412598
        ]
    },
    "validation": {
        "loss": [
            1.8722579173552685,
            1.8325698161736512,
            1.8123906545149975,
            1.7685056955386431,
            1.7978612367923443,
            1.717677110280746,
            1.7161098779776158,
            1.698694654000111,
            1.6988660463920007,
            1.6994460393220951,
            1.708094175045307,
            1.692620005363073,
            1.7265113225350013,
            1.6747952638528285,
            1.7100114058225582,
            1.682290914731148,
            1.667119175959856,
            1.6838519909443,
            1.683801727417188,
            1.6783100397158892,
            1.7432451370434883,
            1.6997025318634815,
            1.7271969043291533,
            1.7934047381083171,
            1.837318900303963,
            1.8303072330279229,
            1.7886155140705597,
            1.804122493817256,
            1.8378501855410063,
            1.866443673769633
        ],
        "accuracy": [
            0.3475806415081024,
            0.3677419424057007,
            0.3677419424057007,
            0.4008064568042755,
            0.37419354915618896,
            0.42943549156188965,
            0.4423387050628662,
            0.42419353127479553,
            0.43911290168762207,
            0.44798386096954346,
            0.4552419185638428,
            0.44596773386001587,
            0.4419354796409607,
            0.4540322422981262,
            0.44596773386001587,
            0.46411290764808655,
            0.4717741906642914,
            0.45685482025146484,
            0.45887094736099243,
            0.48024192452430725,
            0.44112902879714966,
            0.4721774160861969,
            0.4657258093357086,
            0.4471774101257324,
            0.4310483932495117,
            0.44354838132858276,
            0.4633064568042755,
            0.4564515948295593,
            0.44919353723526,
            0.44516128301620483
        ]
    },
    "hyperparams": {
        "learning_rate": 0.0005,
        "weight_decay": 0.001,
        "patience": 100
    }
}