{
    "train": {
        "loss": [
            1.9652939179004767,
            1.8708598338640654,
            1.8395622479609954,
            1.8041798253344674,
            1.7750860727750337,
            1.7644440251537876,
            1.7295216984219022,
            1.7081715296476314,
            1.6911917975825121,
            1.6685235194670849,
            1.6398525319547734,
            1.5994582838482327,
            1.5683888319211128,
            1.5248620031226394,
            1.5047973353638608,
            1.445984909677098,
            1.395173930714273,
            1.3612021819139137,
            1.2499342606617854,
            1.2199292407076583,
            1.1872850870474791,
            1.1733904109041915,
            1.1625874327798176,
            1.1449190826497526,
            1.1357121681555724
        ],
        "accuracy": [
            0.2940860390663147,
            0.34354838728904724,
            0.3651881814002991,
            0.3844086229801178,
            0.39758065342903137,
            0.41370970010757446,
            0.437768816947937,
            0.4452957212924957,
            0.4633064568042755,
            0.4797043204307556,
            0.500268816947937,
            0.5247312188148499,
            0.5514785051345825,
            0.5834677815437317,
            0.6052419543266296,
            0.6419354677200317,
            0.6795699000358582,
            0.7041667103767395,
            0.7814516425132751,
            0.8043010830879211,
            0.8221774101257324,
            0.8291667103767395,
            0.8361559510231018,
            0.8469086289405823,
            0.85161292552948
        ]
    },
    "validation": {
        "loss": [
            1.865304592328194,
            1.84912825242067,
            1.828102130156297,
            1.7646615963715773,
            1.7774943602390778,
            1.7129634802158062,
            1.7752570188962495,
            1.7258873291504688,
            1.7072912057240803,
            1.69553437599769,
            1.7076083299441216,
            1.658206893847539,
            1.7018287426386125,
            1.6937842277380137,
            1.683992101595952,
            1.6960582396922967,
            1.7490070508076594,
            1.729429312241383,
            1.6782919474137135,
            1.7072965304056804,
            1.7062679101259282,
            1.7287819202129657,
            1.7219803180450048,
            1.7286969484427037,
            1.7328269481658936
        ],
        "accuracy": [
            0.323387086391449,
            0.35282257199287415,
            0.35282257199287415,
            0.3891128897666931,
            0.4028225839138031,
            0.44072580337524414,
            0.4056451618671417,
            0.4326612949371338,
            0.4612903296947479,
            0.45040321350097656,
            0.4439516067504883,
            0.47056451439857483,
            0.46895161271095276,
            0.47741934657096863,
            0.48467740416526794,
            0.47822579741477966,
            0.46653226017951965,
            0.4790322482585907,
            0.5104838609695435,
            0.5020161271095276,
            0.5048387050628662,
            0.5056451559066772,
            0.510887086391449,
            0.5096774101257324,
            0.5092741847038269
        ]
    },
    "hyperparams": {
        "learning_rate": 0.0005,
        "weight_decay": 0,
        "patience": 5
    }
}