{
    "train": {
        "loss": [
            1.9555726825681508,
            1.8753174431303627,
            1.8468353238880124,
            1.800691931675642,
            1.7785480643948939,
            1.7506992022196453,
            1.733535418143639,
            1.7080047568704328,
            1.6895593119482708,
            1.662937973299597,
            1.6352682796298947,
            1.6079493485964262,
            1.5741089531499097,
            1.5426668835501385,
            1.513618065760686,
            1.4581531000952435,
            1.4180825296630206,
            1.3814334655419374,
            1.2853425476286147,
            1.2406048805285723,
            1.2188409230647943,
            1.202036143368126,
            1.176753049222832,
            1.1710176488273165,
            1.155446717881749,
            1.1526092637298453,
            1.1503459643094966,
            1.1474888946256068,
            1.1455094783734052,
            1.142232244850224
        ],
        "accuracy": [
            0.301344096660614,
            0.34784945845603943,
            0.36209678649902344,
            0.3793010711669922,
            0.39973118901252747,
            0.414650559425354,
            0.426075279712677,
            0.4452957212924957,
            0.46465054154396057,
            0.4799731373786926,
            0.5029569864273071,
            0.5223118662834167,
            0.5493279695510864,
            0.5721774101257324,
            0.5888441205024719,
            0.6303763389587402,
            0.6658602356910706,
            0.686962366104126,
            0.750537633895874,
            0.7810484170913696,
            0.7955645322799683,
            0.8065860271453857,
            0.82419353723526,
            0.8309140205383301,
            0.8375000357627869,
            0.840994656085968,
            0.840457022190094,
            0.8479838967323303,
            0.8465054035186768,
            0.8478494882583618
        ]
    },
    "validation": {
        "loss": [
            1.8303174452903943,
            1.8378690297787006,
            1.8403178331179497,
            1.7665969683573797,
            1.7532729154978044,
            1.6961167317170363,
            1.7077761521706214,
            1.7133565285266974,
            1.7024156069144225,
            1.653991237664834,
            1.6833151640036168,
            1.6511850632154024,
            1.6623261188849425,
            1.6825177119328425,
            1.6850898632636437,
            1.681320254619305,
            1.7745474546383588,
            1.7170215906241002,
            1.6778925198775072,
            1.682695446870266,
            1.7076105307310054,
            1.7044403705841455,
            1.718657401891855,
            1.7208218268859081,
            1.7269512720597096,
            1.7155079597081893,
            1.7224265245290904,
            1.7190681115174904,
            1.710165635133401,
            1.723534195851057
        ],
        "accuracy": [
            0.36129030585289,
            0.3427419364452362,
            0.3588709533214569,
            0.40201613306999207,
            0.4052419364452362,
            0.43588709831237793,
            0.4262096583843231,
            0.43830645084381104,
            0.4375,
            0.4701612889766693,
            0.47540321946144104,
            0.4766128957271576,
            0.47580644488334656,
            0.45887094736099243,
            0.48024192452430725,
            0.48467740416526794,
            0.4419354796409607,
            0.48266127705574036,
            0.5080645084381104,
            0.51169353723526,
            0.5020161271095276,
            0.5112903118133545,
            0.5024193525314331,
            0.5032258033752441,
            0.49838709831237793,
            0.5052419304847717,
            0.5100806355476379,
            0.5060483813285828,
            0.5088709592819214,
            0.5004032254219055
        ]
    },
    "hyperparams": {
        "learning_rate": 0.00075,
        "weight_decay": 0,
        "patience": 5
    }
}