{
    "train": {
        "loss": [
            1.9721518245517697,
            1.883416588489826,
            1.8446296056111653,
            1.8091097132772462,
            1.7995935423761351,
            1.7670741794455764,
            1.7384705889938223,
            1.7227269594485943,
            1.7026206530057466,
            1.6817976572574713,
            1.6451169466361022,
            1.613011776891529,
            1.5881714117832673,
            1.5652621128620245,
            1.5250800481209388,
            1.492035129131415,
            1.440220149154337,
            1.3881182100018885,
            1.3347833655838273,
            1.3134268349052494,
            1.2549700217369275,
            1.222102448471591,
            1.1820125742855234,
            1.1312231528453338
        ],
        "accuracy": [
            0.2983871102333069,
            0.34395161271095276,
            0.35793012380599976,
            0.3767473101615906,
            0.389247328042984,
            0.41034945845603943,
            0.4288978576660156,
            0.4392473101615906,
            0.4497312009334564,
            0.46653226017951965,
            0.49247312545776367,
            0.5137096643447876,
            0.5364247560501099,
            0.5548387169837952,
            0.590725839138031,
            0.6111559271812439,
            0.6482527256011963,
            0.6807795763015747,
            0.7205645442008972,
            0.7340053915977478,
            0.7798387408256531,
            0.7956989407539368,
            0.8166666626930237,
            0.8520161509513855
        ]
    },
    "validation": {
        "loss": [
            1.8485826895787165,
            1.8468366372279632,
            1.823399387873136,
            1.7908137058600402,
            1.7846905543253972,
            1.7382538807697785,
            1.7693384641256087,
            1.7233302746063623,
            1.6735927722392938,
            1.6774203135417058,
            1.7179696835004366,
            1.6732174647160065,
            1.6949332249470246,
            1.6852932006884844,
            1.722476879755656,
            1.6642130124263275,
            1.6942234620069847,
            1.6998771459628375,
            1.7291369285338964,
            1.745078248855395,
            1.7772971177712464,
            1.7956570570285504,
            1.7752636090303078,
            1.7885908102377868
        ],
        "accuracy": [
            0.37620967626571655,
            0.3362903296947479,
            0.3911290168762207,
            0.3979838788509369,
            0.40443548560142517,
            0.40604838728904724,
            0.4052419364452362,
            0.422983855009079,
            0.45927417278289795,
            0.47137096524238586,
            0.43427419662475586,
            0.48064514994621277,
            0.4673387110233307,
            0.4858870804309845,
            0.47540321946144104,
            0.5024193525314331,
            0.4975806474685669,
            0.500806450843811,
            0.4879032075405121,
            0.48508062958717346,
            0.4879032075405121,
            0.4786290228366852,
            0.4975806474685669,
            0.4927419424057007
        ]
    },
    "hyperparams": {
        "learning_rate": 0.0005,
        "weight_decay": 0,
        "patience": 100
    }
}