{
    "train": {
        "loss": [
            1.965033308053628,
            1.8794664827167478,
            1.8509300417370267,
            1.8385885271251712,
            1.8073381389308179,
            1.7962981757954655,
            1.7874610434230576,
            1.7849419229050987,
            1.7652517852620182,
            1.7616712578341491,
            1.754531985674149,
            1.74611018356095,
            1.7404126193788316,
            1.7379448780646691,
            1.7215488170966124,
            1.7258710260065193,
            1.7161900956406553,
            1.7031756354193401,
            1.7018922618311694,
            1.671328373444386,
            1.6627455236565354,
            1.6450674146668525,
            1.6330776336865547,
            1.6096476234941401,
            1.5906753132485936,
            1.5655508194214258,
            1.5372229468109262,
            1.5091337444435837,
            1.4660194674108782,
            1.419784393066015,
            1.3739309922242775,
            1.347065100303063,
            1.2814278001459236,
            1.1634301833617382,
            1.1051569922357543
        ],
        "accuracy": [
            0.3004032373428345,
            0.3330645263195038,
            0.3587365746498108,
            0.3663978576660156,
            0.38077956438064575,
            0.3935483992099762,
            0.39287635684013367,
            0.39704301953315735,
            0.41075268387794495,
            0.4142473340034485,
            0.411827951669693,
            0.41760754585266113,
            0.42473119497299194,
            0.43225806951522827,
            0.44045698642730713,
            0.43185484409332275,
            0.43870967626571655,
            0.44274193048477173,
            0.4540322721004486,
            0.47096773982048035,
            0.4797043204307556,
            0.49462366104125977,
            0.5055107474327087,
            0.5190860033035278,
            0.5358871221542358,
            0.5618279576301575,
            0.5715053677558899,
            0.6030914187431335,
            0.6321236491203308,
            0.6615591645240784,
            0.6977150440216064,
            0.7163978815078735,
            0.7555107474327087,
            0.8331989645957947,
            0.8706989288330078
        ]
    },
    "validation": {
        "loss": [
            1.8649771885994153,
            1.8776218646611922,
            1.791168830333612,
            1.7991794286630092,
            1.7810933253703973,
            1.7587269116670659,
            1.7951888640721638,
            1.745834653194134,
            1.7810568381578495,
            1.7826915765419984,
            1.7784248437636938,
            1.771988862600082,
            1.790125357799041,
            1.7376117889697735,
            1.7290474940568974,
            1.7209921647340825,
            1.791632083746103,
            1.7229594083932729,
            1.73681741188734,
            1.6910633062705016,
            1.7002102381143815,
            1.760179687768985,
            1.6880195782734797,
            1.7377087489152565,
            1.7474678877072456,
            1.7241939428525093,
            1.6794061141136365,
            1.7074441940356524,
            1.718114394408006,
            1.7200085474894597,
            1.7709675691066644,
            1.7935109994350336,
            1.827303015268766,
            1.7512985467910767,
            1.7706061143141527
        ],
        "accuracy": [
            0.36411288380622864,
            0.32499998807907104,
            0.37661290168762207,
            0.3649193346500397,
            0.3870967626571655,
            0.39193546772003174,
            0.38064515590667725,
            0.4302419424057007,
            0.4096774160861969,
            0.3862903118133545,
            0.36693549156188965,
            0.38346773386001587,
            0.3862903118133545,
            0.39032256603240967,
            0.4000000059604645,
            0.41774192452430725,
            0.39959678053855896,
            0.4334677457809448,
            0.4233870804309845,
            0.4443548321723938,
            0.4334677457809448,
            0.41491934657096863,
            0.448387086391449,
            0.44112902879714966,
            0.43225806951522827,
            0.43629032373428345,
            0.4701612889766693,
            0.45241934061050415,
            0.4467741847038269,
            0.4487903118133545,
            0.4512096643447876,
            0.4415322542190552,
            0.42419353127479553,
            0.4564515948295593,
            0.460080623626709
        ]
    },
    "hyperparams": {
        "learning_rate": 0.001,
        "weight_decay": 0.001,
        "patience": 5
    }
}