{
    "train": {
        "loss": [
            1.9650011480364025,
            1.8766264283758962,
            1.848858302475041,
            1.8157861253135226,
            1.786444924835466,
            1.7684283388985529,
            1.7398971370142748,
            1.7173767752117581,
            1.6977793192252135,
            1.6713965682901888,
            1.6460507242088644,
            1.6204928485756247,
            1.5836789006860847,
            1.5548824693402674,
            1.5200915071699355,
            1.4789741691361127,
            1.4326431139921532,
            1.390646674694159,
            1.3388531625780284,
            1.3034739046015291,
            1.2542876687824216,
            1.2110157043505938,
            1.1622681301883144,
            1.1290914044420943,
            1.0497361136297894
        ],
        "accuracy": [
            0.2985215187072754,
            0.3405914008617401,
            0.36034947633743286,
            0.38104838132858276,
            0.3840053975582123,
            0.40040323138237,
            0.4197580814361572,
            0.43427419662475586,
            0.45120969414711,
            0.4670698940753937,
            0.488037645816803,
            0.5060483813285828,
            0.538844108581543,
            0.5696236491203308,
            0.5864247679710388,
            0.6185483932495117,
            0.6483871340751648,
            0.676612913608551,
            0.7150537967681885,
            0.7431451678276062,
            0.7677419781684875,
            0.7948924899101257,
            0.8311828374862671,
            0.8452957272529602,
            0.9014785289764404
        ]
    },
    "validation": {
        "loss": [
            1.8683809897838495,
            1.827382457561982,
            1.8337410566134331,
            1.7924745847017338,
            1.7601827597006774,
            1.7436003257066777,
            1.865443923534491,
            1.717384283359234,
            1.6900323507113335,
            1.7017853993635912,
            1.6957632150405493,
            1.666077577150785,
            1.6652878767404802,
            1.6792285900849562,
            1.7294335151330018,
            1.7006541276589417,
            1.6840176582336426,
            1.731061489154131,
            1.7315572041731615,
            1.7653004206143892,
            1.828841732098506,
            1.8060447436112623,
            1.844467554336939,
            1.8154082237145839,
            1.7772547556803777
        ],
        "accuracy": [
            0.3403225839138031,
            0.3637096583843231,
            0.3588709533214569,
            0.3939515948295593,
            0.4096774160861969,
            0.40443548560142517,
            0.38064515590667725,
            0.43387097120285034,
            0.4463709592819214,
            0.44758063554763794,
            0.4447580575942993,
            0.4794354736804962,
            0.4657258093357086,
            0.46895161271095276,
            0.44556450843811035,
            0.4721774160861969,
            0.49193546175956726,
            0.46290323138237,
            0.48669353127479553,
            0.4725806415081024,
            0.4419354796409607,
            0.46895161271095276,
            0.4653225839138031,
            0.48629030585289,
            0.48951610922813416
        ]
    },
    "hyperparams": {
        "learning_rate": 0.001,
        "weight_decay": 0,
        "patience": 10
    }
}