{
    "train": {
        "loss": [
            1.9667799044878056,
            1.8839073242285314,
            1.8487492117107425,
            1.810995418801267,
            1.7783099311029809,
            1.7592454099247599,
            1.7384256307895367,
            1.710014474697602,
            1.6878037962139163,
            1.6562335114193778,
            1.6362385291319628,
            1.611123455895318,
            1.5789560120329897,
            1.5323755792063525,
            1.5047923336681137,
            1.4799541275725405,
            1.424774731326307,
            1.364871193201114,
            1.3188713004446437,
            1.2716443915652413,
            1.2228040929533477,
            1.1832987976889324,
            1.0845832131866715
        ],
        "accuracy": [
            0.2989247441291809,
            0.34166666865348816,
            0.35994625091552734,
            0.3849462568759918,
            0.400940865278244,
            0.4172043204307556,
            0.42943549156188965,
            0.4473118484020233,
            0.46223118901252747,
            0.4862903356552124,
            0.5024193525314331,
            0.5244624018669128,
            0.5416666865348816,
            0.5836021900177002,
            0.5990591645240784,
            0.6197580695152283,
            0.6655914187431335,
            0.7052419781684875,
            0.73830646276474,
            0.7627688050270081,
            0.7991935610771179,
            0.8227150440216064,
            0.8879032731056213
        ]
    },
    "validation": {
        "loss": [
            1.913290335581853,
            1.8391305513871021,
            1.7686593165764442,
            1.816500581227816,
            1.7635743281780145,
            1.7292957244775233,
            1.7065901786853106,
            1.700476273512229,
            1.7106872613613422,
            1.6883557606966069,
            1.673846192848988,
            1.680808858993726,
            1.6880416595018828,
            1.682302163197444,
            1.7515163299364922,
            1.6951146431458302,
            1.7194405121681018,
            1.7626175421934862,
            1.7593584641432152,
            1.784225806211814,
            1.8046593452111268,
            1.8407640579419258,
            1.755617046967531
        ],
        "accuracy": [
            0.32540321350097656,
            0.35322579741477966,
            0.39233869314193726,
            0.3471774160861969,
            0.3983871042728424,
            0.4258064329624176,
            0.45282256603240967,
            0.4495967626571655,
            0.4471774101257324,
            0.4612903296947479,
            0.44556450843811035,
            0.46290323138237,
            0.47096773982048035,
            0.47298386693000793,
            0.4512096643447876,
            0.47379031777381897,
            0.48024192452430725,
            0.4584677219390869,
            0.47459676861763,
            0.4721774160861969,
            0.46612903475761414,
            0.4725806415081024,
            0.4959677457809448
        ]
    },
    "hyperparams": {
        "learning_rate": 0.00025,
        "weight_decay": 0.001,
        "patience": 10
    }
}