{
    "train": {
        "loss": [
            1.9675734450674465,
            1.8692087821471386,
            1.8321255659445739,
            1.80355657165886,
            1.7785425206534884,
            1.7399676610261967,
            1.7244860830470028,
            1.6909935759682941,
            1.6573337632366734,
            1.6342954533731835,
            1.6003047024082935,
            1.582485411921118,
            1.5293726340318337,
            1.495501933953701,
            1.4273798455539932,
            1.396689249919011,
            1.3430671997559376,
            1.2820274870619814,
            1.2312544849183824,
            1.1789935277058528,
            1.1471345628428662,
            1.1039113865958319
        ],
        "accuracy": [
            0.29771506786346436,
            0.35336023569107056,
            0.36666667461395264,
            0.3865591585636139,
            0.39905914664268494,
            0.4311828017234802,
            0.4352150559425354,
            0.4564516246318817,
            0.4975806474685669,
            0.5020161271095276,
            0.5283602476119995,
            0.5466398000717163,
            0.5845430493354797,
            0.6134408712387085,
            0.6639785170555115,
            0.6860215067863464,
            0.7125000357627869,
            0.7564516067504883,
            0.7952957153320312,
            0.829301118850708,
            0.8474462628364563,
            0.8791666626930237
        ]
    },
    "validation": {
        "loss": [
            2.005383696311559,
            1.8623493176240187,
            1.85857992600172,
            1.7455096611609826,
            1.7599669694900513,
            1.7096561437998063,
            1.7095246009337597,
            1.6759773278847718,
            1.6648496572787945,
            1.6655432352652917,
            1.672475441908225,
            1.6672138556455955,
            1.7251644776417658,
            1.6889184682797163,
            1.7070946723986895,
            1.741042693456014,
            1.7118304815047827,
            1.7945678906563,
            1.7840861082077026,
            1.834000031153361,
            1.8135688793964875,
            1.8220999118609307
        ],
        "accuracy": [
            0.3153225779533386,
            0.35766127705574036,
            0.3790322542190552,
            0.4161290228366852,
            0.39193546772003174,
            0.43870967626571655,
            0.4467741847038269,
            0.4580644965171814,
            0.48024192452430725,
            0.47741934657096863,
            0.48064514994621277,
            0.4721774160861969,
            0.4657258093357086,
            0.49838709831237793,
            0.4883064329624176,
            0.48266127705574036,
            0.500806450843811,
            0.46653226017951965,
            0.47983869910240173,
            0.4927419424057007,
            0.48709675669670105,
            0.48911288380622864
        ]
    },
    "hyperparams": {
        "learning_rate": 0.00025,
        "weight_decay": 0,
        "patience": 100
    }
}