{
    "train": {
        "loss": [
            1.9883604834222386,
            1.8818166164251475,
            1.8328411375355518,
            1.8010547833564954,
            1.780219733205616,
            1.7499358114014325,
            1.736112907401517,
            1.6988865595597487,
            1.6737334993150499,
            1.6382913507966914,
            1.6069311851110213,
            1.5803178946177165,
            1.5336975378867908,
            1.4891596095174806,
            1.4490201727956789,
            1.3990684584674673,
            1.3491132575222569,
            1.3044661263115385,
            1.2504633756784291,
            1.2038013873956142,
            1.160053382571946,
            1.1211165933527498
        ],
        "accuracy": [
            0.2897849380970001,
            0.3474462330341339,
            0.375268816947937,
            0.3919354975223541,
            0.40161290764808655,
            0.4192204475402832,
            0.43373656272888184,
            0.4473118484020233,
            0.47284945845603943,
            0.5013440847396851,
            0.5263441205024719,
            0.5424731373786926,
            0.5852150917053223,
            0.6129032373428345,
            0.6454301476478577,
            0.6748656034469604,
            0.7139785289764404,
            0.7452957034111023,
            0.7764785289764404,
            0.8115591406822205,
            0.8405914306640625,
            0.8655914068222046
        ]
    },
    "validation": {
        "loss": [
            1.85600069241646,
            1.813172921156272,
            1.8612471574392073,
            1.7496854219681177,
            1.7562767634024987,
            1.7488500338334303,
            1.681073173498496,
            1.6950531403223674,
            1.659770748554132,
            1.6685299506554236,
            1.6642283751414373,
            1.701787462601295,
            1.6636181336182814,
            1.6754835354976165,
            1.6943966883879442,
            1.7016947544538057,
            1.734221834402818,
            1.7771381812217908,
            1.7937392913378203,
            1.8362492934251442,
            1.8367275183017437,
            1.8157730866701176
        ],
        "accuracy": [
            0.3657258152961731,
            0.36935484409332275,
            0.3431451618671417,
            0.41048386693000793,
            0.42258062958717346,
            0.4189516007900238,
            0.4681451618671417,
            0.46612903475761414,
            0.4838709533214569,
            0.47782257199287415,
            0.48225805163383484,
            0.46209678053855896,
            0.4979838728904724,
            0.48911288380622864,
            0.4907257854938507,
            0.49637097120285034,
            0.48266127705574036,
            0.4810483753681183,
            0.4858870804309845,
            0.46169355511665344,
            0.47741934657096863,
            0.49233871698379517
        ]
    },
    "hyperparams": {
        "learning_rate": 0.00025,
        "weight_decay": 1e-05,
        "patience": 100
    }
}