{
    "train": {
        "loss": [
            1.9610567337427385,
            1.8732218283873339,
            1.8354500114408314,
            1.8191346062554254,
            1.7889395422405667,
            1.7709858957518878,
            1.7506937134979117,
            1.7356221981537647,
            1.7033412089714637,
            1.6949110296037462,
            1.6697174402383657,
            1.6501963739721184,
            1.6233612614819126,
            1.589759322313162,
            1.5609861174200335,
            1.5298023111799843,
            1.4901089719218066,
            1.435855601587866,
            1.4007857161709385,
            1.3540334548705664,
            1.295009480582343,
            1.2583098656091936,
            1.2165863259225829,
            1.1726987769461086,
            1.1270493910862849
        ],
        "accuracy": [
            0.30470430850982666,
            0.34865590929985046,
            0.37177419662475586,
            0.3768817186355591,
            0.389247328042984,
            0.4056451618671417,
            0.40860214829444885,
            0.42526882886886597,
            0.4473118484020233,
            0.4564516246318817,
            0.476881742477417,
            0.4837365746498108,
            0.5077956914901733,
            0.528494656085968,
            0.5598118305206299,
            0.5854839086532593,
            0.6096774339675903,
            0.6439516544342041,
            0.6733871102333069,
            0.7071236968040466,
            0.7415322661399841,
            0.7702957391738892,
            0.7954301238059998,
            0.8196236491203308,
            0.8556451797485352
        ]
    },
    "validation": {
        "loss": [
            1.827508033850254,
            1.8039522751783714,
            1.7895336945851643,
            1.7682212316072905,
            1.7815191256694305,
            1.7886765675667005,
            1.7313609642860217,
            1.7252671382366083,
            1.7025418159289238,
            1.715375970571469,
            1.6735777335289197,
            1.6888681069398537,
            1.6744325619477491,
            1.669553985962501,
            1.7071835903021007,
            1.6840093013567803,
            1.7235413178419456,
            1.761312729273087,
            1.7016444206237793,
            1.7365966790761702,
            1.7214612869115977,
            1.7329602608313928,
            1.7847281083082542,
            1.7543745652223244,
            1.8238804707160363
        ],
        "accuracy": [
            0.3745967745780945,
            0.3778225779533386,
            0.3959677219390869,
            0.3939515948295593,
            0.40362903475761414,
            0.38548386096954346,
            0.4072580635547638,
            0.4415322542190552,
            0.4447580575942993,
            0.4262096583843231,
            0.47137096524238586,
            0.4762096703052521,
            0.46693548560142517,
            0.4697580635547638,
            0.46693548560142517,
            0.46290323138237,
            0.45685482025146484,
            0.4584677219390869,
            0.4931451678276062,
            0.47137096524238586,
            0.5068548321723938,
            0.48669353127479553,
            0.48911288380622864,
            0.5004032254219055,
            0.4842741787433624
        ]
    },
    "hyperparams": {
        "learning_rate": 0.001,
        "weight_decay": 1e-05,
        "patience": 100
    }
}