{
    "train": {
        "loss": [
            1.9547226388230283,
            1.8646059515129807,
            1.8199225266774495,
            1.7943403822743995,
            1.7617323133680556,
            1.7373116342430441,
            1.710767872313149,
            1.690830773777432,
            1.6544374431300366,
            1.6239685013762906,
            1.5905919798419006,
            1.5516286242721427,
            1.5154757010631073,
            1.478395143125811,
            1.4248591722586217,
            1.3711758271241798,
            1.3274404645985007,
            1.2981395752002032,
            1.238959822899256,
            1.1906695834591858,
            1.1050715497416308
        ],
        "accuracy": [
            0.30712366104125977,
            0.3513440787792206,
            0.375537633895874,
            0.39287635684013367,
            0.4056451618671417,
            0.42916667461395264,
            0.4393817186355591,
            0.46209678053855896,
            0.4861559271812439,
            0.5139784812927246,
            0.5380376577377319,
            0.5706989169120789,
            0.5961021780967712,
            0.6237903237342834,
            0.6528226137161255,
            0.6947580575942993,
            0.7291666865348816,
            0.7516129016876221,
            0.789650559425354,
            0.8192204236984253,
            0.8780913949012756
        ]
    },
    "validation": {
        "loss": [
            1.8316817008532011,
            1.8223530971086943,
            1.77591156348204,
            1.7109031616113124,
            1.7269000793114686,
            1.7007608535962226,
            1.680793963945829,
            1.687668427442893,
            1.6703603970698822,
            1.7047948715014336,
            1.6723987414286687,
            1.6804435375409248,
            1.6808486259900606,
            1.7015586480116234,
            1.6980124681423872,
            1.7382877117548234,
            1.7517188481795483,
            1.7485147653481898,
            1.7924549396221454,
            1.8001906657830262,
            1.7636962701112797
        ],
        "accuracy": [
            0.3657258152961731,
            0.3677419424057007,
            0.3915322422981262,
            0.4423387050628662,
            0.44354838132858276,
            0.4471774101257324,
            0.4625000059604645,
            0.4633064568042755,
            0.4677419364452362,
            0.4540322422981262,
            0.4762096703052521,
            0.48225805163383484,
            0.48749998211860657,
            0.4741935431957245,
            0.48508062958717346,
            0.4834677278995514,
            0.4838709533214569,
            0.5028225779533386,
            0.48669353127479553,
            0.48749998211860657,
            0.5012096762657166
        ]
    },
    "hyperparams": {
        "learning_rate": 0.00025,
        "weight_decay": 0,
        "patience": 10
    }
}