{
    "train": {
        "loss": [
            1.9682621986438067,
            1.8823183469283276,
            1.842703420891721,
            1.8177579702475133,
            1.7800627661566448,
            1.7469348336896326,
            1.7161637228778286,
            1.7008600550839024,
            1.683534914611751,
            1.638698230441819,
            1.6128575761094053,
            1.5771315963859232,
            1.538961832339947,
            1.5032551115394657,
            1.44918817638332,
            1.3974244013810768,
            1.3547942964439719,
            1.2417578768526387,
            1.2114889703245244,
            1.1886766160655224,
            1.1726024588968,
            1.1567591734421558,
            1.1498856310151582
        ],
        "accuracy": [
            0.3057795763015747,
            0.34596773982048035,
            0.36747312545776367,
            0.3776881694793701,
            0.40443548560142517,
            0.4243279695510864,
            0.43884408473968506,
            0.4583333432674408,
            0.4704301059246063,
            0.5080645084381104,
            0.5267473459243774,
            0.5485215187072754,
            0.5786290168762207,
            0.6044355034828186,
            0.6461021900177002,
            0.6756720542907715,
            0.7108871340751648,
            0.789919376373291,
            0.8106182813644409,
            0.8291667103767395,
            0.8391129374504089,
            0.8462365865707397,
            0.8501344323158264
        ]
    },
    "validation": {
        "loss": [
            1.8438813594671397,
            1.7996638891024468,
            1.785192798345517,
            1.760101779913291,
            1.7163580350386791,
            1.6929743809577746,
            1.6962178670443022,
            1.716901760834914,
            1.6876982419918745,
            1.7033676978869317,
            1.6774296791125567,
            1.6778719027837117,
            1.7330126823523107,
            1.7070356882535493,
            1.7211634837664092,
            1.7529948307917669,
            1.7644040401165302,
            1.7025345930686364,
            1.7139989565580318,
            1.7215929734401214,
            1.7367779719523895,
            1.7241823978913136,
            1.7409216960271199
        ],
        "accuracy": [
            0.35282257199287415,
            0.38508063554763794,
            0.4056451618671417,
            0.40120968222618103,
            0.41814514994621277,
            0.4274193346500397,
            0.4471774101257324,
            0.42379030585289,
            0.47338709235191345,
            0.4673387110233307,
            0.47459676861763,
            0.47822579741477966,
            0.43629032373428345,
            0.4762096703052521,
            0.4693548381328583,
            0.46290323138237,
            0.4697580635547638,
            0.5028225779533386,
            0.5076612830162048,
            0.5080645084381104,
            0.49838709831237793,
            0.5104838609695435,
            0.5032258033752441
        ]
    },
    "hyperparams": {
        "learning_rate": 0.00025,
        "weight_decay": 0,
        "patience": 5
    }
}