{
    "train": {
        "loss": [
            1.9616381378255339,
            1.8795656342791696,
            1.840951948084383,
            1.8199438478192713,
            1.7955662827206473,
            1.7679501527395003,
            1.7505336704417171,
            1.7243777472748716,
            1.705599112388415,
            1.684682468063811,
            1.6839120438975146,
            1.645120099059537,
            1.6232500341203477,
            1.6037845876481798,
            1.5587446353374383,
            1.5293309423658583,
            1.4919728784479647,
            1.4534835428254218,
            1.4107921001238701,
            1.3783778655223358,
            1.3309556959021804,
            1.2821849951377282,
            1.24668838427617,
            1.2056482969186244,
            1.17530206635467,
            1.1340474053325815,
            1.0847789344624577
        ],
        "accuracy": [
            0.301612913608551,
            0.34838709235191345,
            0.37432795763015747,
            0.3732526898384094,
            0.3869623839855194,
            0.4114247262477875,
            0.42029571533203125,
            0.4379032254219055,
            0.4498656094074249,
            0.45981183648109436,
            0.4724462330341339,
            0.48938173055648804,
            0.4981182813644409,
            0.5173386931419373,
            0.5514785051345825,
            0.5798386931419373,
            0.5997312068939209,
            0.6303763389587402,
            0.6684139966964722,
            0.6895161271095276,
            0.7170699238777161,
            0.7544354796409607,
            0.7741935849189758,
            0.8024193644523621,
            0.8227150440216064,
            0.8458333611488342,
            0.8768817186355591
        ]
    },
    "validation": {
        "loss": [
            1.886590138459817,
            1.851804840259063,
            1.789233528650724,
            1.8076202472050984,
            1.760907613314115,
            1.724940388630598,
            1.7011413268553905,
            1.6857568239554381,
            1.6860749415862255,
            1.6879897270447168,
            1.704920029028868,
            1.7230842266327295,
            1.7172472935456495,
            1.7013962819026067,
            1.7079545993071337,
            1.6866126152185292,
            1.713773006047958,
            1.6729535261789958,
            1.7154955130357008,
            1.7093104429734058,
            1.7421532410841722,
            1.767546351139362,
            1.7628394395877154,
            1.7775197181946192,
            1.7922436579679832,
            1.7798455158869426,
            1.812998808347262
        ],
        "accuracy": [
            0.3237903118133545,
            0.3512096703052521,
            0.40362903475761414,
            0.3794354796409607,
            0.40403226017951965,
            0.4326612949371338,
            0.4375,
            0.448387086391449,
            0.4350806474685669,
            0.4403225779533386,
            0.4419354796409607,
            0.4326612949371338,
            0.4354838728904724,
            0.45241934061050415,
            0.44516128301620483,
            0.4604838490486145,
            0.46411290764808655,
            0.4903225600719452,
            0.47822579741477966,
            0.49435484409332275,
            0.4838709533214569,
            0.47822579741477966,
            0.4830645024776459,
            0.4907257854938507,
            0.4887096583843231,
            0.49677419662475586,
            0.4911290109157562
        ]
    },
    "hyperparams": {
        "learning_rate": 0.001,
        "weight_decay": 0,
        "patience": 100
    }
}