{
    "train": {
        "loss": [
            1.9616687613674717,
            1.8749996729386158,
            1.8363824491826897,
            1.8016343259403849,
            1.7931927625949566,
            1.7649673315194936,
            1.7465077883157976,
            1.731835176802089,
            1.7199239414981289,
            1.6996193431381486,
            1.6807372620981982,
            1.6746371617683997,
            1.6555972435535529,
            1.6377831401987972,
            1.628611117346674,
            1.6063913687681541,
            1.583807793437925,
            1.5506870624346611,
            1.524433820675581,
            1.5042521016210573,
            1.4497570675662441,
            1.4194090651650715,
            1.3694268526175084,
            1.3399617040259206,
            1.2815273898279564,
            1.2288047401314108,
            1.1989726847053592,
            1.160551889329894,
            1.1202869038296561
        ],
        "accuracy": [
            0.30712366104125977,
            0.351881742477417,
            0.36693549156188965,
            0.38360217213630676,
            0.3930107653141022,
            0.4095430076122284,
            0.4213709831237793,
            0.43373656272888184,
            0.4418010711669922,
            0.45524194836616516,
            0.4681451618671417,
            0.47069892287254333,
            0.4813172221183777,
            0.49919354915618896,
            0.5107526779174805,
            0.5275537967681885,
            0.551344096660614,
            0.5639784932136536,
            0.5986559391021729,
            0.6040322780609131,
            0.6407257914543152,
            0.6544355154037476,
            0.6979838609695435,
            0.7131720781326294,
            0.7595430016517639,
            0.7881720662117004,
            0.8081989288330078,
            0.8356183171272278,
            0.8591398000717163
        ]
    },
    "validation": {
        "loss": [
            1.8588255796677027,
            1.8221283998244848,
            1.7792721558839848,
            1.8347970919731336,
            1.7996773230723846,
            1.7658521426029694,
            1.7475519149731367,
            1.7012549547048716,
            1.7174616104517229,
            1.6932437664423234,
            1.6971837801811023,
            1.6867654843208117,
            1.6726112304589686,
            1.7084175806779127,
            1.6954609705851629,
            1.7047853439282148,
            1.699767788251241,
            1.7261736240142431,
            1.6712821141267433,
            1.6970938749802418,
            1.7442878973789704,
            1.7442137919939482,
            1.7423418638033745,
            1.7599530220031738,
            1.8063711844957793,
            1.825641277508858,
            1.7903021818552263,
            1.8502081204683354,
            1.8234625840798402
        ],
        "accuracy": [
            0.36975806951522827,
            0.3770161271095276,
            0.3842741847038269,
            0.3681451678276062,
            0.39959678053855896,
            0.41129031777381897,
            0.40604838728904724,
            0.46169355511665344,
            0.44112902879714966,
            0.4439516067504883,
            0.44516128301620483,
            0.4633064568042755,
            0.45927417278289795,
            0.44274193048477173,
            0.44798386096954346,
            0.44516128301620483,
            0.4447580575942993,
            0.4471774101257324,
            0.48508062958717346,
            0.46370968222618103,
            0.44274193048477173,
            0.4447580575942993,
            0.46451613306999207,
            0.47782257199287415,
            0.45927417278289795,
            0.4552419185638428,
            0.48225805163383484,
            0.4467741847038269,
            0.4625000059604645
        ]
    },
    "hyperparams": {
        "learning_rate": 0.0005,
        "weight_decay": 0.001,
        "patience": 10
    }
}