{
    "train": {
        "loss": [
            1.958791999735384,
            1.8737282111094549,
            1.8370019003876255,
            1.8020665360312176,
            1.7734968275086493,
            1.7541578641304603,
            1.7285454344545674,
            1.6984342153255756,
            1.678543193727477,
            1.6566741863886516,
            1.6367447804182003,
            1.6099807645520594,
            1.575489505743369,
            1.5482885776421962,
            1.5081925809892833,
            1.4601893598197873,
            1.4217301118068206,
            1.3779020390958867,
            1.3154632087446685,
            1.2781011956369774,
            1.2365689257271268,
            1.1794879354982295,
            1.1420241573936918,
            1.1019826618015256
        ],
        "accuracy": [
            0.2989247441291809,
            0.35040321946144104,
            0.36720430850982666,
            0.39704301953315735,
            0.40376344323158264,
            0.4190860390663147,
            0.43225806951522827,
            0.45000001788139343,
            0.4750000238418579,
            0.4791666865348816,
            0.5038978457450867,
            0.5251344442367554,
            0.5569892525672913,
            0.5772849321365356,
            0.5965054035186768,
            0.6333333253860474,
            0.66411292552948,
            0.6943548321723938,
            0.7341398000717163,
            0.761155903339386,
            0.7818548679351807,
            0.8255376219749451,
            0.840994656085968,
            0.8716397881507874
        ]
    },
    "validation": {
        "loss": [
            1.8574651601987007,
            1.8235939404903314,
            1.7842997587644136,
            1.7611641792150645,
            1.8290190543883886,
            1.7146790394416223,
            1.6956931322048872,
            1.6796336754774437,
            1.674947637778062,
            1.651812446423066,
            1.6513498287934523,
            1.6588663443540916,
            1.6821438929973505,
            1.648693317022079,
            1.6550091138252845,
            1.6987339044228578,
            1.7588364313810299,
            1.6912134457857182,
            1.7676084316693819,
            1.8055110589051857,
            1.7633520792692134,
            1.8031748747214293,
            1.78850868726388,
            1.8224040330984654
        ],
        "accuracy": [
            0.3560483753681183,
            0.36169353127479553,
            0.4092741906642914,
            0.41129031777381897,
            0.39677417278289795,
            0.44112902879714966,
            0.4282257854938507,
            0.44919353723526,
            0.46209678053855896,
            0.4858870804309845,
            0.4834677278995514,
            0.48064514994621277,
            0.47096773982048035,
            0.49233871698379517,
            0.4971774220466614,
            0.4838709533214569,
            0.4576612710952759,
            0.5032258033752441,
            0.4580644965171814,
            0.44999998807907104,
            0.4935483932495117,
            0.4701612889766693,
            0.48951610922813416,
            0.4903225600719452
        ]
    },
    "hyperparams": {
        "learning_rate": 0.00025,
        "weight_decay": 0.001,
        "patience": 100
    }
}