{
    "train": {
        "loss": [
            1.9493284408862774,
            1.8782970304163094,
            1.8379651460892115,
            1.8116488161250057,
            1.7858248001489885,
            1.7711770656781318,
            1.7529624466203217,
            1.7412262941018128,
            1.7123581578588893,
            1.7053655151628022,
            1.6907835179923947,
            1.678802818314642,
            1.6652039595139332,
            1.6312973163066766,
            1.6197513566057906,
            1.6027497246734097,
            1.576328992843628,
            1.5509043014966524,
            1.5057687158258553,
            1.4882561895582411,
            1.449911378387712,
            1.306967931934911,
            1.2382879990797777,
            1.1962803296553783,
            1.1665617604540963,
            1.1428146168716953
        ],
        "accuracy": [
            0.30658602714538574,
            0.3454301059246063,
            0.37419354915618896,
            0.3815860152244568,
            0.39663979411125183,
            0.39946237206459045,
            0.4190860390663147,
            0.42258065938949585,
            0.44798389077186584,
            0.45040324330329895,
            0.46008065342903137,
            0.4672043025493622,
            0.4795699119567871,
            0.5098118185997009,
            0.5190860033035278,
            0.5323925018310547,
            0.5530914068222046,
            0.5674731135368347,
            0.6004032492637634,
            0.6131720542907715,
            0.636962354183197,
            0.7431451678276062,
            0.7908602356910706,
            0.8216397762298584,
            0.8420699238777161,
            0.8509408831596375
        ]
    },
    "validation": {
        "loss": [
            1.8967049213556142,
            1.8435944379904332,
            1.8210084377191005,
            1.7493510154577403,
            1.7729409168928096,
            1.7412839577748225,
            1.7140458699984429,
            1.7131738998951056,
            1.7022013725378575,
            1.750775233293191,
            1.7121745011745355,
            1.7029356436851697,
            1.6965246873024182,
            1.7549060521981654,
            1.6862403032107232,
            1.691415814253,
            1.714782653710781,
            1.7094217172035804,
            1.7187719436792226,
            1.7130209054702368,
            1.7513039234357002,
            1.657927971619826,
            1.6692249591533954,
            1.6807937499804375,
            1.6971262571139214,
            1.7080903634046898
        ],
        "accuracy": [
            0.34395161271095276,
            0.35483869910240173,
            0.3564516007900238,
            0.41733869910240173,
            0.40846773982048035,
            0.41290321946144104,
            0.42459675669670105,
            0.41733869910240173,
            0.4512096643447876,
            0.4165322482585907,
            0.4205645024776459,
            0.4540322422981262,
            0.4423387050628662,
            0.44274193048477173,
            0.47096773982048035,
            0.4633064568042755,
            0.46451613306999207,
            0.460080623626709,
            0.4697580635547638,
            0.46290323138237,
            0.4471774101257324,
            0.5012096762657166,
            0.4975806474685669,
            0.5004032254219055,
            0.49475806951522827,
            0.4842741787433624
        ]
    },
    "hyperparams": {
        "learning_rate": 0.0005,
        "weight_decay": 0.001,
        "patience": 5
    }
}