{
    "train": {
        "loss": [
            1.9535801645018096,
            1.8850826269541032,
            1.8542711622694619,
            1.8310865072103648,
            1.8291325324620955,
            1.8039967799798036,
            1.7991070767753146,
            1.7850391691566532,
            1.771707684565813,
            1.766999307860676,
            1.7611113613487308,
            1.7583897246254816,
            1.7479959970865495,
            1.7461958135295117,
            1.7321587587014222,
            1.723748702269334,
            1.7227895259857178,
            1.6922612078169472,
            1.7001841730541654,
            1.6859979242341132,
            1.6655016128833477,
            1.6558115360064385,
            1.630360044984736,
            1.6248485583525438,
            1.590032074186537,
            1.572311526689774,
            1.5472891126942432,
            1.5271024021328006,
            1.5053685455240755,
            1.458628396702628,
            1.4177673576224563,
            1.379066929857955,
            1.3614441940927098,
            1.2269034915500217,
            1.1589543177531316,
            1.1339933311837351
        ],
        "accuracy": [
            0.3084677457809448,
            0.33682796359062195,
            0.3612903356552124,
            0.3677419424057007,
            0.36881721019744873,
            0.3896505534648895,
            0.3955645263195038,
            0.3959677517414093,
            0.4022849500179291,
            0.4053763449192047,
            0.4094085991382599,
            0.411559134721756,
            0.4209677577018738,
            0.4189516305923462,
            0.4243279695510864,
            0.437231183052063,
            0.44274193048477173,
            0.4540322721004486,
            0.45013442635536194,
            0.4630376398563385,
            0.48037636280059814,
            0.4811828136444092,
            0.5040322542190552,
            0.5092741847038269,
            0.5409946441650391,
            0.551075279712677,
            0.5715053677558899,
            0.5900537967681885,
            0.5936828255653381,
            0.6334677338600159,
            0.663575291633606,
            0.687231183052063,
            0.7029569745063782,
            0.7982527017593384,
            0.8408602476119995,
            0.8540322780609131
        ]
    },
    "validation": {
        "loss": [
            1.864119725349622,
            2.00367879256224,
            1.8141508744313166,
            1.840834467838972,
            1.7918835603273833,
            1.8154296110837886,
            1.817950569666349,
            1.777131939545656,
            1.7982017229764888,
            1.7834509305464916,
            1.7282520135243733,
            1.7377968384669378,
            1.7227757832942865,
            1.74819466089591,
            1.7153801979162755,
            1.705430153088692,
            1.7005130908428094,
            1.6949309018942027,
            1.7150987508969429,
            1.719001109783466,
            1.720610349606245,
            1.6860719277308538,
            1.6903943709838085,
            1.6990607610115638,
            1.706934650739034,
            1.7087451005593324,
            1.7027465502421062,
            1.7792268380140648,
            1.7035521696775386,
            1.7262430527271369,
            1.8108568497193165,
            1.770584953136933,
            1.794381490120521,
            1.737409451068976,
            1.7599501059605525,
            1.76490545578492
        ],
        "accuracy": [
            0.3427419364452362,
            0.3407258093357086,
            0.37419354915618896,
            0.36249998211860657,
            0.36733871698379517,
            0.37862902879714966,
            0.36209675669670105,
            0.38346773386001587,
            0.3729838728904724,
            0.3987903296947479,
            0.42379030585289,
            0.39758065342903137,
            0.4193548262119293,
            0.41048386693000793,
            0.4330645203590393,
            0.4399193525314331,
            0.4354838728904724,
            0.43145161867141724,
            0.4254032075405121,
            0.43427419662475586,
            0.41774192452430725,
            0.4540322422981262,
            0.4487903118133545,
            0.42943549156188965,
            0.4463709592819214,
            0.4447580575942993,
            0.45887094736099243,
            0.41814514994621277,
            0.4552419185638428,
            0.4536290168762207,
            0.41532257199287415,
            0.43185484409332275,
            0.43870967626571655,
            0.46653226017951965,
            0.46612903475761414,
            0.4653225839138031
        ]
    },
    "hyperparams": {
        "learning_rate": 0.001,
        "weight_decay": 0.001,
        "patience": 10
    }
}