{
    "train": {
        "loss": [
            1.9618741681433132,
            1.8602813421151576,
            1.8301294145421085,
            1.7988391177267091,
            1.7647477683857975,
            1.7367866487584562,
            1.733329604833554,
            1.6862728483656533,
            1.659773255005861,
            1.6378789009192052,
            1.595528478296394,
            1.5562203297248254,
            1.5175380227912185,
            1.476346677185124,
            1.4377478768682888,
            1.3692271740008624,
            1.3145540555318196,
            1.2634791502585778,
            1.2179984007126246,
            1.1681836466503959,
            1.1230273460730529
        ],
        "accuracy": [
            0.3076612949371338,
            0.352150559425354,
            0.3705645203590393,
            0.3918010890483856,
            0.41989248991012573,
            0.42903226613998413,
            0.437768816947937,
            0.4611559212207794,
            0.48763442039489746,
            0.5073924660682678,
            0.5436828136444092,
            0.5639784932136536,
            0.5940860509872437,
            0.6290322542190552,
            0.6576613187789917,
            0.7002688050270081,
            0.7431451678276062,
            0.7729839086532593,
            0.801612913608551,
            0.8368279933929443,
            0.864381730556488
        ]
    },
    "validation": {
        "loss": [
            1.872363371726794,
            1.8097814749448726,
            1.7981785505245893,
            1.7435979568041289,
            1.7639912764231365,
            1.7227614628962982,
            1.7117703816829584,
            1.6867695038135235,
            1.7548412054012983,
            1.6873621207017164,
            1.7025436896544237,
            1.7226969064810338,
            1.6853222999817286,
            1.7560665913117237,
            1.734496792157491,
            1.7582387587963006,
            1.7663333415985107,
            1.82288496922224,
            1.812774896621704,
            1.840514592635326,
            1.863450790062929
        ],
        "accuracy": [
            0.3375000059604645,
            0.3798387050628662,
            0.38064515590667725,
            0.40604838728904724,
            0.3935483694076538,
            0.4286290109157562,
            0.44112902879714966,
            0.448387086391449,
            0.42983871698379517,
            0.4540322422981262,
            0.4576612710952759,
            0.4536290168762207,
            0.48467740416526794,
            0.4556451439857483,
            0.48064514994621277,
            0.4887096583843231,
            0.46451613306999207,
            0.4512096643447876,
            0.47056451439857483,
            0.47580644488334656,
            0.46693548560142517
        ]
    },
    "hyperparams": {
        "learning_rate": 0.00025,
        "weight_decay": 1e-05,
        "patience": 10
    }
}