{
    "train": {
        "loss": [
            1.9595185324677036,
            1.8770786106077015,
            1.8542488039049327,
            1.821233806447086,
            1.7970264681384094,
            1.7739768191280527,
            1.757816412510016,
            1.7376149495442708,
            1.7173193601461558,
            1.7037491472358377,
            1.6873197749129727,
            1.649173390152108,
            1.6266026945195646,
            1.597283943086608,
            1.5841526241384,
            1.5306590479663296,
            1.5047265994243133,
            1.482465842850188,
            1.4238018439366267,
            1.3237923434656909,
            1.2869942045619345,
            1.2605074409745698,
            1.239479010940617,
            1.2282455293541281,
            1.209828807757451,
            1.191818106887687,
            1.1851903271471333,
            1.176503200816293,
            1.1749161013171203,
            1.1779466378383148,
            1.1784645563516862,
            1.1703039265086508,
            1.1794257591932247,
            1.1671940179971547,
            1.1724237794550056,
            1.1695672161558754,
            1.1643561063668666,
            1.1601713737870893
        ],
        "accuracy": [
            0.29758065938949585,
            0.3375000059604645,
            0.3538978695869446,
            0.38548389077186584,
            0.3888441026210785,
            0.39959678053855896,
            0.4099462330341339,
            0.4264785051345825,
            0.4356182813644409,
            0.4581989347934723,
            0.4647849500179291,
            0.4907258152961731,
            0.5073924660682678,
            0.5346774458885193,
            0.5356183052062988,
            0.5760752558708191,
            0.5987903475761414,
            0.6181451678276062,
            0.6565860509872437,
            0.727150559425354,
            0.7462365627288818,
            0.7631720304489136,
            0.7845430374145508,
            0.788575291633606,
            0.8006720542907715,
            0.8118279576301575,
            0.8202956914901733,
            0.8276882171630859,
            0.8240591287612915,
            0.8276882171630859,
            0.824731171131134,
            0.8256720304489136,
            0.8256720304489136,
            0.828494668006897,
            0.8225806355476379,
            0.8321236968040466,
            0.8341398239135742,
            0.8348118662834167
        ]
    },
    "validation": {
        "loss": [
            1.8591530567560441,
            1.8336307666240594,
            1.8128934762416742,
            1.7818473210701575,
            1.8017957393939679,
            1.7766842230772362,
            1.7547860665199084,
            1.7486034356630766,
            1.6951624491275885,
            1.721686179821308,
            1.7275121273138585,
            1.6599988112082849,
            1.6583080261181562,
            1.6624947236134455,
            1.7674186015740418,
            1.6719109400724754,
            1.6813138417708569,
            1.7357749419334607,
            1.7149652578891852,
            1.6536041864982018,
            1.6548506755095262,
            1.6642914490822034,
            1.6615959069667718,
            1.6809128339474018,
            1.6741866637498906,
            1.6925143431394527,
            1.6834102043738732,
            1.6890440873610668,
            1.683390547067691,
            1.704193876339839,
            1.692826754007584,
            1.6917457458300469,
            1.6898553860493195,
            1.6923881371815999,
            1.6768550078074138,
            1.6944949535223155,
            1.6815622861568744,
            1.6863686946722178
        ],
        "accuracy": [
            0.3358871042728424,
            0.3475806415081024,
            0.3842741847038269,
            0.38266128301620483,
            0.36895161867141724,
            0.39475804567337036,
            0.39758065342903137,
            0.39677417278289795,
            0.4415322542190552,
            0.4415322542190552,
            0.43870967626571655,
            0.47096773982048035,
            0.4741935431957245,
            0.4766128957271576,
            0.42701610922813416,
            0.47298386693000793,
            0.48467740416526794,
            0.4443548321723938,
            0.46411290764808655,
            0.5092741847038269,
            0.512499988079071,
            0.512499988079071,
            0.521774172782898,
            0.5177419185638428,
            0.5201612710952759,
            0.5104838609695435,
            0.5165322422981262,
            0.5133064389228821,
            0.5153225660324097,
            0.5145161151885986,
            0.510887086391449,
            0.5161290168762207,
            0.5185483694076538,
            0.5165322422981262,
            0.5197580456733704,
            0.5157257914543152,
            0.521774172782898,
            0.5169354677200317
        ]
    },
    "hyperparams": {
        "learning_rate": 0.001,
        "weight_decay": 0,
        "patience": 5
    }
}