{
    "train": {
        "loss": [
            1.9648914174136953,
            1.8818389921106844,
            1.8410011631810768,
            1.8155974058004527,
            1.7904437882268531,
            1.77665757929158,
            1.7502265822174203,
            1.729960099244729,
            1.7088135368803627,
            1.6916006742379603,
            1.6633709434770112,
            1.642479842544621,
            1.6083278421662812,
            1.5823147144073095,
            1.5454646848205826,
            1.5176451450739152,
            1.4621362207282302,
            1.4393910210356753,
            1.390106251097133,
            1.3475501221469326,
            1.3089907923315325,
            1.2522116522503715,
            1.2121933179023938,
            1.1781527945119092,
            1.1038584067271306
        ],
        "accuracy": [
            0.3037634491920471,
            0.3405914008617401,
            0.36263442039489746,
            0.374462366104126,
            0.3979838788509369,
            0.3891129195690155,
            0.41760754585266113,
            0.42688173055648804,
            0.44543012976646423,
            0.4559139907360077,
            0.47862905263900757,
            0.5006720423698425,
            0.5213710069656372,
            0.5416666865348816,
            0.5709677338600159,
            0.5938172340393066,
            0.6248655915260315,
            0.6432796120643616,
            0.6787634491920471,
            0.7094086408615112,
            0.7330645322799683,
            0.7713710069656372,
            0.7955645322799683,
            0.8206989169120789,
            0.8692204356193542
        ]
    },
    "validation": {
        "loss": [
            1.9655605799112565,
            1.8483641606110792,
            1.80924334587195,
            1.7575024244112847,
            1.7463309031266432,
            1.7667061059902875,
            1.7617457952254858,
            1.7494052923642671,
            1.7529154068384416,
            1.67794013940371,
            1.726577361424764,
            1.688186520185226,
            1.666669833354461,
            1.7061225573221843,
            1.6699725572879498,
            1.7071093626511402,
            1.7046654102129815,
            1.7273831061827831,
            1.7225125172199347,
            1.783875823020935,
            1.7408366875770764,
            1.7469322345195673,
            1.7728504431553376,
            1.7756552757360997,
            1.7389574570533557
        ],
        "accuracy": [
            0.2657257914543152,
            0.35040321946144104,
            0.37822580337524414,
            0.41975805163383484,
            0.4000000059604645,
            0.3907257914543152,
            0.3790322542190552,
            0.4068548381328583,
            0.39193546772003174,
            0.4439516067504883,
            0.4233870804309845,
            0.4556451439857483,
            0.47379031777381897,
            0.4564515948295593,
            0.48749998211860657,
            0.4673387110233307,
            0.4842741787433624,
            0.47741934657096863,
            0.48951610922813416,
            0.46169355511665344,
            0.4887096583843231,
            0.4903225600719452,
            0.49233871698379517,
            0.4931451678276062,
            0.5016129016876221
        ]
    },
    "hyperparams": {
        "learning_rate": 0.00075,
        "weight_decay": 0,
        "patience": 10
    }
}