{
    "train": {
        "loss": [
            1.9443345232906504,
            1.8670172874744122,
            1.8307495871160784,
            1.8077193294834888,
            1.7874666737695026,
            1.7580766626912305,
            1.7488553310051942,
            1.7214454534726265,
            1.7023415015294001,
            1.680135149222154,
            1.664141358473362,
            1.6326581097056723,
            1.6139472824895484,
            1.5813576594377174,
            1.5581680352871234,
            1.5129937565224802,
            1.4876756515258398,
            1.4457579351897933,
            1.4009438467840862,
            1.2873526128948245,
            1.2468704820698142,
            1.2159511013927622,
            1.1977691558691173,
            1.186739812549363,
            1.1664477046738324,
            1.1469987345556927,
            1.1519051861559224,
            1.1450181842869163,
            1.1439624851585453,
            1.1401232847800622,
            1.1387471785912147,
            1.1435176826949813,
            1.1456689579874022,
            1.138584667800838,
            1.142070263878912,
            1.1449900957254262,
            1.1391026148429284
        ],
        "accuracy": [
            0.3176075220108032,
            0.3516128957271576,
            0.37352150678634644,
            0.39260753989219666,
            0.3986559212207794,
            0.4209677577018738,
            0.4147849678993225,
            0.43911290168762207,
            0.4532258212566376,
            0.47069892287254333,
            0.48266130685806274,
            0.5025537610054016,
            0.5151881575584412,
            0.5428763628005981,
            0.5598118305206299,
            0.58991938829422,
            0.6087365746498108,
            0.6413978338241577,
            0.6731182932853699,
            0.749731183052063,
            0.7791666984558105,
            0.7943548560142517,
            0.8118279576301575,
            0.8145161271095276,
            0.8322581052780151,
            0.8427419662475586,
            0.8380376696586609,
            0.8470430374145508,
            0.8467742204666138,
            0.8469086289405823,
            0.8494623899459839,
            0.8436828255653381,
            0.8490591645240784,
            0.8458333611488342,
            0.8456989526748657,
            0.8500000238418579,
            0.8435484170913696
        ]
    },
    "validation": {
        "loss": [
            1.8770035749826677,
            1.870347811625554,
            1.7966878475287023,
            1.7828624707001905,
            1.7382548864071186,
            1.7295144826937945,
            1.7305445487682636,
            1.7359118889539669,
            1.6716771523157756,
            1.6867593679672632,
            1.7114777656701894,
            1.6853648729813404,
            1.6531871618368688,
            1.6796346872280805,
            1.6746441706632957,
            1.693395672700344,
            1.6929541459450355,
            1.6942936854484754,
            1.7022692209635026,
            1.6562400444959984,
            1.6760899623235066,
            1.6772480286084688,
            1.6917492945988972,
            1.6968326324071639,
            1.7025757661232581,
            1.696061922953679,
            1.7105549573898315,
            1.6963390173056188,
            1.7113451682604277,
            1.702103351935362,
            1.6973956884481969,
            1.7032836889609313,
            1.698224758490538,
            1.7032089355664375,
            1.710816074640323,
            1.7076917642202132,
            1.6946722544156587
        ],
        "accuracy": [
            0.3407258093357086,
            0.3633064329624176,
            0.40201613306999207,
            0.39959678053855896,
            0.4124999940395355,
            0.4282257854938507,
            0.4193548262119293,
            0.41774192452430725,
            0.4749999940395355,
            0.4697580635547638,
            0.45443546772003174,
            0.4697580635547638,
            0.48266127705574036,
            0.4794354736804962,
            0.47137096524238586,
            0.46854838728904724,
            0.48669353127479553,
            0.4887096583843231,
            0.4979838728904724,
            0.5258064270019531,
            0.5153225660324097,
            0.5181451439857483,
            0.521774172782898,
            0.5137096643447876,
            0.5213709473609924,
            0.5209677219390869,
            0.524193525314331,
            0.5258064270019531,
            0.5278225541114807,
            0.5278225541114807,
            0.5330644845962524,
            0.5318548083305359,
            0.5270161032676697,
            0.5322580337524414,
            0.5314515829086304,
            0.5229838490486145,
            0.5290322303771973
        ]
    },
    "hyperparams": {
        "learning_rate": 0.001,
        "weight_decay": 1e-05,
        "patience": 5
    }
}