{
    "train": {
        "loss": [
            1.9595528647430942,
            1.8843511373568804,
            1.8573323335403051,
            1.8384777694685845,
            1.8255861080609834,
            1.805406394167843,
            1.807152371121268,
            1.791592584715949,
            1.8035369367680998,
            1.78418134420346,
            1.7687477209629157,
            1.7753791177374685,
            1.7617118175213153,
            1.7612790786303008,
            1.7463859350253375,
            1.7438509973705325,
            1.7318282647010608,
            1.7259020662715292,
            1.720929814200116,
            1.7151358056272197,
            1.7045992663782885,
            1.6876572574305737,
            1.6693662007649739,
            1.6618187539597862,
            1.6415357936141837,
            1.6265952220329871,
            1.6067116046563172,
            1.5895788832607431,
            1.5682139529122248,
            1.5384430579650097,
            1.51212754412594,
            1.473189526134067,
            1.4513065346285827,
            1.4202261348055978,
            1.3615808048818865,
            1.3425249920950995,
            1.3090244674275064,
            1.2507702937492957,
            1.2423839538525312,
            1.2028715009363289,
            1.1822324206686428,
            1.1491624290107663,
            1.1302164568860307
        ],
        "accuracy": [
            0.2915322780609131,
            0.33642473816871643,
            0.3587365746498108,
            0.3661290407180786,
            0.37594085931777954,
            0.3799731135368347,
            0.38763442635536194,
            0.3930107653141022,
            0.3936828076839447,
            0.39247313141822815,
            0.4048387110233307,
            0.4045698940753937,
            0.4049731194972992,
            0.411559134721756,
            0.4233871102333069,
            0.4231182932853699,
            0.42715054750442505,
            0.43387097120285034,
            0.43642473220825195,
            0.45040324330329895,
            0.44771507382392883,
            0.46626344323158264,
            0.47083333134651184,
            0.48534947633743286,
            0.4912634491920471,
            0.5072580575942993,
            0.5245968103408813,
            0.5350806713104248,
            0.5590053796768188,
            0.573924720287323,
            0.5951613187789917,
            0.6271505355834961,
            0.6459677815437317,
            0.6678763628005981,
            0.7129032611846924,
            0.7169355154037476,
            0.7399193644523621,
            0.7795699238777161,
            0.7814516425132751,
            0.8053763508796692,
            0.8208333253860474,
            0.8385753035545349,
            0.8514785170555115
        ]
    },
    "validation": {
        "loss": [
            1.872952476525918,
            1.825698054753817,
            1.8071400752434363,
            1.8540926254712617,
            1.798340033262204,
            1.8403027118780675,
            1.7824791883810973,
            1.8192005371436095,
            1.7598739373378265,
            1.7530739429669502,
            1.7473540917420998,
            1.7275877854762933,
            1.751269789842459,
            1.7223119766284258,
            1.7164449997437305,
            1.819824680303916,
            1.7291565736134846,
            1.8375110656787188,
            1.7405909208151011,
            1.6917101114224165,
            1.692342990483993,
            1.7417068206346953,
            1.7025006459309504,
            1.6961233401909852,
            1.6673746231274726,
            1.6917053369375377,
            1.6744503852648613,
            1.727099054898971,
            1.6919322441785762,
            1.782511897576161,
            1.7008018585351796,
            1.7331274105952337,
            1.7625026244383593,
            1.7396925382125072,
            1.7928921840129755,
            1.7668098302987905,
            1.7883270000800109,
            1.8352757478371644,
            1.8753213118284175,
            1.8430598026666887,
            1.8238095350754566,
            1.8699440894982753,
            1.9058011586849506
        ],
        "accuracy": [
            0.3169354796409607,
            0.3592741787433624,
            0.3754032254219055,
            0.32701611518859863,
            0.3911290168762207,
            0.3512096703052521,
            0.3862903118133545,
            0.3649193346500397,
            0.3939515948295593,
            0.40040323138237,
            0.4072580635547638,
            0.4403225779533386,
            0.4008064568042755,
            0.4302419424057007,
            0.42983871698379517,
            0.39959678053855896,
            0.41129031777381897,
            0.36451610922813416,
            0.4213709533214569,
            0.4653225839138031,
            0.44072580337524414,
            0.4193548262119293,
            0.4354838728904724,
            0.4423387050628662,
            0.45443546772003174,
            0.44516128301620483,
            0.46451613306999207,
            0.42459675669670105,
            0.4608871042728424,
            0.4213709533214569,
            0.45887094736099243,
            0.44596773386001587,
            0.4516128897666931,
            0.4540322422981262,
            0.4375,
            0.4552419185638428,
            0.46370968222618103,
            0.4439516067504883,
            0.43387097120285034,
            0.4415322542190552,
            0.4564515948295593,
            0.44354838132858276,
            0.4286290109157562
        ]
    },
    "hyperparams": {
        "learning_rate": 0.001,
        "weight_decay": 0.001,
        "patience": 100
    }
}