{
    "train": {
        "loss": [
            1.9570947284372444,
            1.8748758746008587,
            1.8354677603794978,
            1.8080508708953857,
            1.7825940979851618,
            1.756269697450165,
            1.732077511966738,
            1.7113827069600422,
            1.6889164845148723,
            1.665021815870562,
            1.6443865604889698,
            1.62092625687265,
            1.5864110777520726,
            1.5632676609560974,
            1.519830907511915,
            1.43096783120408,
            1.3978938954508202,
            1.367239875671191,
            1.3641732156786144,
            1.3373319012487037,
            1.3199342336410131,
            1.296988205013112,
            1.2889689370098276,
            1.2789756630220983,
            1.2820874758255787,
            1.2661365759678376,
            1.265169437115009,
            1.2683090144752438
        ],
        "accuracy": [
            0.3026881814002991,
            0.3469085991382599,
            0.36935484409332275,
            0.38306453824043274,
            0.4025537669658661,
            0.41370970010757446,
            0.4334677457809448,
            0.4543010890483856,
            0.46827957034111023,
            0.4817204475402832,
            0.4954301118850708,
            0.5145161151885986,
            0.540188193321228,
            0.5537634491920471,
            0.5935484170913696,
            0.6567204594612122,
            0.6831989288330078,
            0.6955645084381104,
            0.699999988079071,
            0.7232527136802673,
            0.7319892644882202,
            0.7475806474685669,
            0.7521505355834961,
            0.7583333253860474,
            0.7563171982765198,
            0.765457034111023,
            0.7653226256370544,
            0.766801118850708
        ]
    },
    "validation": {
        "loss": [
            1.84923582810622,
            1.8173524569242427,
            1.8317653827178173,
            1.8029471666384966,
            1.7326528812066102,
            1.720995844938816,
            1.7267540571017144,
            1.6967780804022765,
            1.6598013333785229,
            1.7356053713040474,
            1.721766621638567,
            1.6726602285336225,
            1.6715700809772198,
            1.671817510555952,
            1.710916898189447,
            1.6417905061672895,
            1.6528045336405437,
            1.6595174563236725,
            1.6530150022262182,
            1.6681939760843914,
            1.671305069556603,
            1.67983650855529,
            1.6769703473800268,
            1.670723285430517,
            1.6783807002581084,
            1.6797983676959307,
            1.6663632056651971,
            1.6772955717184606
        ],
        "accuracy": [
            0.36895161867141724,
            0.37822580337524414,
            0.3887096643447876,
            0.38991934061050415,
            0.41330644488334656,
            0.4189516007900238,
            0.4209677278995514,
            0.4334677457809448,
            0.4762096703052521,
            0.41975805163383484,
            0.45483869314193726,
            0.47137096524238586,
            0.48266127705574036,
            0.48467740416526794,
            0.4633064568042755,
            0.5072580575942993,
            0.5012096762657166,
            0.5016129016876221,
            0.5096774101257324,
            0.5048387050628662,
            0.5153225660324097,
            0.5040322542190552,
            0.5056451559066772,
            0.5096774101257324,
            0.5020161271095276,
            0.5044354796409607,
            0.5096774101257324,
            0.5076612830162048
        ]
    },
    "hyperparams": {
        "learning_rate": 0.0005,
        "weight_decay": 1e-05,
        "patience": 5
    }
}