{
    "train": {
        "loss": [
            1.9513118735745423,
            1.876614781526419,
            1.8383997892722106,
            1.808532120835068,
            1.7815424234439166,
            1.7483692444287813,
            1.7292791238197913,
            1.7110142442915175,
            1.700426776184995,
            1.6730489364037147,
            1.6421741685296736,
            1.621858068001576,
            1.5800419750376644,
            1.550781238792289,
            1.5081158040935159,
            1.4727517081122112,
            1.440042285837679,
            1.3764185722057636,
            1.3442548717189038,
            1.3041811070890508,
            1.2515159295155451,
            1.2099378363698976,
            1.1598495163469233,
            1.1325719152760303
        ],
        "accuracy": [
            0.30430108308792114,
            0.34610214829444885,
            0.3676075339317322,
            0.3838709890842438,
            0.3958333432674408,
            0.4145161509513855,
            0.4306451678276062,
            0.4397849440574646,
            0.451478511095047,
            0.4693548381328583,
            0.49879032373428345,
            0.5150537490844727,
            0.5463709831237793,
            0.5631720423698425,
            0.5979838967323303,
            0.625268816947937,
            0.6471774578094482,
            0.6900537610054016,
            0.7193548679351807,
            0.7405914068222046,
            0.7745968103408813,
            0.80080646276474,
            0.8357527256011963,
            0.85161292552948
        ]
    },
    "validation": {
        "loss": [
            1.8985254183793678,
            1.8245697724513519,
            1.795604611054445,
            1.7559379950547829,
            1.7402983751052465,
            1.7639244703146129,
            1.7223208775887122,
            1.749727120766273,
            1.6682374935883741,
            1.7491837434279613,
            1.7140713838430552,
            1.6599844510738666,
            1.6897515883812537,
            1.641924139780876,
            1.690570042683528,
            1.7169084610083165,
            1.7214444600618803,
            1.7682587672502568,
            1.750375237220373,
            1.740880996753008,
            1.7609983010169787,
            1.828944022838886,
            1.8307396662540925,
            1.8394878399677765
        ],
        "accuracy": [
            0.3467741906642914,
            0.3536290228366852,
            0.38266128301620483,
            0.3955644965171814,
            0.4217741787433624,
            0.40403226017951965,
            0.4258064329624176,
            0.4209677278995514,
            0.45040321350097656,
            0.43669354915618896,
            0.46169355511665344,
            0.4717741906642914,
            0.4677419364452362,
            0.4931451678276062,
            0.46693548560142517,
            0.48266127705574036,
            0.47782257199287415,
            0.47096773982048035,
            0.4766128957271576,
            0.4887096583843231,
            0.49677419662475586,
            0.46370968222618103,
            0.47459676861763,
            0.47298386693000793
        ]
    },
    "hyperparams": {
        "learning_rate": 0.0005,
        "weight_decay": 1e-05,
        "patience": 100
    }
}