{
    "train": {
        "loss": [
            1.9722818757733729,
            1.871843539751493,
            1.8246214950186574,
            1.802632206525558,
            1.7768664044192715,
            1.7503974916588547,
            1.7346992034178514,
            1.7113176013669398,
            1.6892581852073343,
            1.6724529205224452,
            1.6450643804338243,
            1.6173069324248877,
            1.584774852817894,
            1.5531485080718994,
            1.5269193679858477,
            1.5053667777623885,
            1.44051402552515,
            1.4111567399440668,
            1.3481003769442566,
            1.2290898632799458,
            1.1874989678717067,
            1.1598626140855317,
            1.138261425189483
        ],
        "accuracy": [
            0.29731184244155884,
            0.34354838728904724,
            0.3767473101615906,
            0.3907258212566376,
            0.4024193584918976,
            0.42284947633743286,
            0.4329301118850708,
            0.4466398060321808,
            0.46209678053855896,
            0.48077958822250366,
            0.5091397762298584,
            0.5200269222259521,
            0.5380376577377319,
            0.563306450843811,
            0.5944892764091492,
            0.5995967984199524,
            0.6473118662834167,
            0.6694892644882202,
            0.7125000357627869,
            0.8004032373428345,
            0.824999988079071,
            0.8452957272529602,
            0.8603494763374329
        ]
    },
    "validation": {
        "loss": [
            1.8624643515317867,
            1.807850495362893,
            1.8464911717634935,
            1.7655283579459558,
            1.7341622236447456,
            1.7323182637874897,
            1.7723604165590727,
            1.7096049755047529,
            1.728765233969077,
            1.6949673310304298,
            1.6820577749839196,
            1.6812568536171546,
            1.6570836183352349,
            1.748757732220185,
            1.7207053502400715,
            1.6908997602951832,
            1.6978919078142216,
            1.7066576725397355,
            1.769133748152317,
            1.6759435855425322,
            1.6898836875573182,
            1.6915782537215796,
            1.7028667559990516
        ],
        "accuracy": [
            0.34959676861763,
            0.36451610922813416,
            0.36169353127479553,
            0.4000000059604645,
            0.42661288380622864,
            0.422983855009079,
            0.4354838728904724,
            0.4512096643447876,
            0.41572579741477966,
            0.45443546772003174,
            0.47056451439857483,
            0.46411290764808655,
            0.48749998211860657,
            0.44354838132858276,
            0.4625000059604645,
            0.49153223633766174,
            0.5004032254219055,
            0.4887096583843231,
            0.46693548560142517,
            0.5032258033752441,
            0.5064516067504883,
            0.5048387050628662,
            0.512499988079071
        ]
    },
    "hyperparams": {
        "learning_rate": 0.00025,
        "weight_decay": 0.001,
        "patience": 5
    }
}